word,max_emp_bridge,date_of_max,occurrences
случиться,0.861891781206335,1814,17
некогда,0.8025542861927468,1814,10
я,1.269750338445908,1816,597
быть,1.2280173179635876,1815,317
в,0.9117233994811988,1816,865
мир,1.354408488480586,1813,17
сказать,0.6740227405229525,1814,90
яснеть,1.252961431126954,1809,2
случилось,0.7066295814095346,1788,2
хотя,0.8815904452062427,1808,20
немного,1.2101819269665512,1809,4
там,1.184351714282835,1814,76
увидеть,0.6839674709475847,1818,31
льзить,0.7063391117947677,1788,2
добро,0.7167467087719575,1823,20
однако,0.639019804905941,1813,37
ж,1.7210383379081484,1814,135
тут,0.8435218623274825,1830,123
вестись,0.5761559447237607,1788,3
игра,1.1452984063215104,1788,3
из,0.5648260913520522,1811,125
весь,0.8572452106724988,1823,201
другой,0.8555657229044674,1812,64
удалой,0.9043496853039846,1809,3
один,0.7565255889174404,1816,84
молодец,0.7507340968558055,1808,5
он,2.750695386844169,1816,649
образец,1.022411548320484,1811,2
и,1.126854941292539,1811,1452
карта,1.489700706790603,1788,4
ставить,0.8309817135465887,1811,7
смелый,1.0973051751717775,1812,3
вдруг,1.141835896732826,1811,26
спустить,1.653691017454857,1807,5
всё,0.7120891345752309,1815,220
деньга,0.5992028027691759,1812,9
с,1.1337095817419225,1812,514
рука,0.6558458546852121,1815,30
а,0.7523133441815542,1813,387
на,1.4456202635203312,1819,489
никто,1.2779817141902516,1815,33
не,0.5813870568254179,1811,913
верить,0.7680292256109413,1809,7
хоть,0.8395523001751908,1816,90
казаться,1.0666209300271337,1812,41
герой,0.9260134293332654,1809,5
озлиться,0.7043058244913988,1788,2
мой,1.9663174559384937,1819,210
болван,1.6489816920764897,1807,3
поставить,1.0409272559823877,1813,8
кафтан,1.0757488834288649,1815,7
глядеть,0.631017451060883,1808,24
чрез,0.7025528181111979,1816,4
час,1.614490385497397,1816,30
остаться,1.3617184283627313,1819,24
камзол,0.7036003982841076,1788,2
как,0.7368601000752815,1815,331
чистый,0.44754848408209336,1808,9
поле,1.0951899110327061,1813,16
тогда,1.015365282682001,1819,23
к,0.8398148281376542,1815,194
прийти,0.6699514496509852,1816,30
от,1.3154232512695478,1816,172
посол,1.2597667192443514,1808,2
говорить,0.5725481691108029,1813,146
отец,0.8239502236287274,1816,11
совсем,0.9291391494726222,1809,57
твой,0.8115761037548315,1813,72
умирать,1.0445685254827135,1807,3
ты,1.3886345390912174,1811,444
проститься,0.9297100337089088,1809,3
желать,0.8002343360106532,1814,10
приказать,0.4935739445119016,1788,4
себя,1.9592640972136215,1813,130
просить,0.5500744789864138,1830,21
что,1.2144639732139635,1811,560
здесь,1.2124705021788786,1823,56
так,1.0982159112447623,1811,292
сам,0.6956078470727389,1809,82
мочь,0.792948465220667,1813,97
сюда,0.6407701349916698,1813,8
нимало,0.6786307259538115,1816,3
обидно,0.7014426240029816,1788,2
по,1.1295806843183724,1823,158
улица,0.9852588529605761,1808,3
идти,1.090564624495685,1815,31
без,0.8189010658308361,1828,94
сапог,0.872321748804465,1813,2
платье,0.5699556190616349,1788,3
шляпа,1.25139851457805,1811,3
ужасно,1.2035401009573163,1809,2
стыдно,0.7289838596094071,1814,11
приятель,0.5971948174856946,1828,22
карета,1.1033280838627118,1811,2
видеть,0.7393861219490707,1811,83
бедняк,1.5651363972479493,1828,15
очень,1.2775832748706144,1811,14
чем,0.6052627587730508,1816,61
столько,0.8223410934942071,1811,14
разжиться,0.7217958346617251,1811,3
поведать,1.1844935933604537,1809,2
правда,0.5851549937519864,1819,29
имение,0.6969945320132221,1819,3
доставить,1.015066816632805,1811,2
выше,0.69953382367737,1788,2
наука,1.8308745067509151,1813,13
сегодня,0.6992848497218555,1788,2
же,0.8632863527092071,1811,130
пешком,1.1116272157131966,1811,2
попасться,0.7246434431101778,1823,16
друг,1.179469933508989,1815,113
конечно,0.8472914393450197,1830,11
уж,1.3638292812991624,1809,109
философ,0.9530385610489787,1811,6
гласить,0.854520110985175,1813,2
свой,0.8303350119678535,1823,168
ответ,0.9079124871836168,1812,13
знать,0.9716953923750116,1811,111
колесо,1.238135831293015,1832,5
вертеться,0.69816446692204,1788,2
свет,1.5156232891324832,1816,72
дуб,0.895582048142443,1823,14
однажды,0.4340156608474511,1819,11
речь,0.6193027635222667,1811,17
войти,0.5370598600797417,1815,4
поистине,0.7201986619850774,1814,2
роптать,0.4697868194742916,1819,6
природа,1.013341706858293,1811,14
воробей,0.8869424897902176,1819,4
тот,0.8709868117193578,1821,213
тяжёлый,0.7703516731210168,1805,6
чуть,0.9436762111686904,1811,26
лёгкий,1.1721501896024493,1823,10
ветерок,0.9054081960390392,1814,6
вода,1.1053322066280211,1811,37
начать,0.8100693432211785,1818,20
слабеть,0.7532707024092595,1814,2
смотреть,2.0696670876663554,1816,33
меж,0.7826725998248751,1814,32
тем,1.7536801324699522,1819,57
только,1.3096754800274129,1815,110
солнце,0.7782266984241512,1814,12
луч,0.9142431011145897,1814,3
но,1.0666567844739816,1812,223
вихрь,1.18522782595438,1811,3
гроза,0.9401794360564325,1809,3
стоить,0.6208685305077581,1807,15
будто,0.7921588300580678,1808,27
б,1.1442434784935436,1813,74
буря,0.97881455567612,1805,4
зефир,0.7230203668142423,1814,2
расти,0.5848615896668163,1823,6
густой,1.5315140871442954,1811,4
ветвь,1.2608861524059762,1809,4
покрыть,1.3711410686778585,1805,2
непогода,0.6747851687808538,1819,3
бы,1.3521298554294992,1811,144
защита,0.69405639665605,1805,2
вы,1.8917898922084266,1823,107
удел,0.8234448370987156,1811,4
отвести,0.561061709300389,1805,3
эоловый,0.6936829357227782,1805,2
владение,0.5763422933092345,1811,3
нет,0.8866559933116269,1815,102
у,1.238087306064582,1815,218
она,1.7648193403221828,1811,253
о,1.364029003318467,1815,94
радение,0.6933094747895064,1805,2
трость,1.3977397862586625,1805,2
худо,1.0109634432220433,1811,21
за,0.8783507698382925,1813,201
мало,1.0318272352185254,1816,17
вредить,0.8465962455892864,1808,4
едва,0.6234224362827063,1814,26
ль,1.6550858777266702,1815,66
более,1.0872472156028508,1813,9
они,1.560770594176345,1817,404
то,0.9995248053092785,1811,221
ещё,1.402007307496993,1814,59
одолеть,1.1069542272582775,1809,4
крепость,0.9147279441247144,1809,5
удар,1.330807287884502,1807,2
лицо,1.340715642775856,1811,5
подождать,0.9397728573244899,1809,3
конец,0.7527726344355018,1823,17
лишь,1.4191475702243788,1813,142
это,0.7514607271376187,1823,105
северный,0.6904047786418367,1805,2
сторона,0.8554184753137833,1819,26
град,1.1157277014517895,1814,4
дождь,0.9739244266785252,1815,16
шуметь,1.1643803365784933,1812,6
держаться,0.8573705291150309,1811,6
земля,1.5422435770643563,1811,23
припасть,0.5561319421755841,1805,3
ветер,0.5719571138485878,1814,11
удвоить,0.8108251817923723,1813,2
сила,1.3656907299385364,1811,49
взреветь,0.8259308123805418,1809,3
вырвать,0.8526528063188159,1813,2
корень,0.6867987778236474,1814,7
вон,0.9972916919769742,1814,26
кто,0.7667810968928775,1809,144
небо,0.7706379051196978,1809,14
область,0.5719376903798555,1834,3
тень,1.7740216221105611,1814,13
пята,0.9126970252570742,1812,2
жених,3.100567019364513,1805,10
грех,1.5318501541856284,1811,28
да,1.1266838556698728,1816,168
вот,1.260857023190919,1815,116
спесивый,0.7475686157663249,1823,8
сыскать,0.9117813954147844,1813,8
чтоб,0.5249938487232602,1823,85
хороший,0.3470991680754531,1811,37
умный,1.1708381098134841,1813,20
лента,0.7493286147802793,1814,2
честь,1.101737324770543,1811,21
молодой,0.7793028489113614,1814,11
красавица,1.4195094638718666,1808,9
немножко,0.5099989501687502,1823,5
ну,2.0511305590148394,1811,66
чтобы,0.5273616324711186,1815,19
иметь,0.9315749452715077,1819,18
заметить,0.9330134859059429,1809,3
любить,1.430747695771315,1813,14
сметь,1.4148678842619185,1811,22
чудно,1.1012533009000902,1811,2
счастливый,1.4312199955226992,1816,11
отбор,0.6860062387610797,1805,2
презнатный,0.6859647431018273,1805,2
катить,0.999082529846627,1808,3
двор,0.7958360991635787,1811,34
мысль,0.5828530543820607,1823,14
тонкий,0.5939268234657549,1819,3
такой,1.2815958730642991,1816,109
невеста,1.3891501847934107,1805,2
клад,0.6198906886554219,1823,10
взгляд,0.5645923297078581,1811,6
выбирать,0.9056338043763944,1815,4
этот,1.3341817319951692,1814,52
чин,1.4119647455444448,1815,17
орден,0.6842219254132255,1805,2
жаль,1.2573528364694373,1811,7
карман,0.8146427824435952,1813,2
пустой,0.6208758445031116,1811,17
нос,0.9308724499184123,1809,17
широкий,0.9220358601434908,1809,3
бровь,0.6835994905244391,1805,2
прийдеть,1.1882696983524241,1809,2
никак,0.6995653686180855,1811,20
годок,1.3860795060087314,1805,2
два,0.7753563092494706,1814,25
новый,0.9052033030647726,1815,20
сваха,1.3857890363939644,1805,2
какой,0.6357572022831947,1814,59
простак,1.1265656530440693,1811,2
твердить,1.0466682943930532,1807,7
ли,0.6804595549543982,1816,70
право,1.7828208219427433,1815,36
затея,0.7153651492494677,1811,8
место,0.9689225514534858,1815,19
поклон,1.0643892386649187,1807,3
проводить,0.8945422550615203,1807,4
пойти,0.5881139060441187,1811,43
чудак,0.5796796270672638,1817,3
замужство,1.3814319921724598,1805,2
жизнь,0.5745970419526799,1823,20
ничуть,0.9616197199657595,1805,4
день,0.7426588284654517,1819,62
весёлый,0.5087441323314519,1811,4
ночь,0.7461930934943982,1821,13
спать,1.0522094337699606,1816,9
спокойно,0.7775342083735999,1819,7
кинуться,0.40433531423938684,1805,5
толпа,0.9844456954966908,1808,3
уплыть,1.385772785485103,1811,3
потом,0.9201051315918131,1807,13
отказ,0.679574411576954,1805,2
слышать,0.7095735898720597,1811,12
стать,1.0866670742851037,1823,132
редкий,0.6094615191820645,1816,3
проходить,0.6825225246301684,1811,5
год,1.0449665268550292,1815,26
нейти,1.064208024653666,1815,6
минуть,0.8346044919953189,1815,3
целый,1.403554347712269,1819,28
слать,1.4086267629890223,1811,4
наш,2.040446895559126,1812,54
девушка,0.9042823089781951,1816,5
зрелый,1.253957326949012,1808,2
считать,1.142799726595198,1808,5
подруга,1.6101237954869625,1808,5
большой,0.42189466230091965,1808,43
досуг,1.5983626399496274,1808,3
давно,0.7575636704224691,1812,13
позабыть,1.264995172310157,1808,2
грусть,1.0680484472524028,1807,3
грудь,0.8196831225955968,1823,6
посмотреть,0.5525284797597537,1814,22
зеркало,0.5407327727032555,1805,3
каждый,1.6890907689772834,1812,10
что-нибудь,0.651041409764358,1807,7
прелесть,1.3723029471369264,1805,2
лихой,1.0494252224938123,1811,2
время,1.2656255062449302,1816,17
красть,1.053210872973806,1816,6
сперва,1.465900965861096,1812,8
глаз,0.523231794414291,1813,35
пропасть,0.988101278361824,1814,17
щека,1.333048053484133,1807,2
резвость,1.2832117667219713,1808,2
волосок,1.100937073728232,1830,6
два-три,0.6204392333259187,1819,5
седой,1.2724765280127892,1812,4
беда,0.5798484851183836,1816,57
бывало,1.3005746818210258,1809,9
собрание,1.0193437033217703,1813,3
вкруг,0.5981928183243723,1823,7
тесно,0.5380391886041352,1805,3
ныне,0.5691205686348594,1823,6
ах,1.0596330020321938,1811,14
звать,1.0442906235589569,1808,15
бостон,1.1584343193499311,1809,2
велита,0.5372260311402499,1805,3
торопиться,0.7739770363762194,1814,2
гордиться,0.8409234031209278,1809,3
косо,0.8960157702375996,1812,2
девица,1.3720124775221594,1805,2
ни,0.8544394579011951,1819,191
сердце,0.5423570377171323,1814,17
мы,2.1754144510550537,1812,185
всегда,0.7162705083207498,1819,23
одиночество,1.3437954292305108,1807,2
кончить,1.0581943316871194,1811,6
век,0.9223379517463166,1816,17
пока,0.5872245123050823,1807,15
первый,1.1004872053032602,1815,16
рада,0.7334609843828886,1814,11
выйти,1.2921940322853762,1823,21
калека,0.6723956625262845,1805,2
старик,1.9035124187616137,1807,11
садить,1.4583920212906802,1811,4
сбираться,1.2904833718317712,1823,8
деревцо,1.1152582178829056,1814,4
пусть,0.7566771885111354,1815,9
лето,1.1156894126835764,1819,16
когда,1.0965061225212953,1813,86
смеяться,0.8201116691708314,1807,10
три,1.0148190004531252,1815,12
юноша,1.3718879905444021,1805,2
соседний,0.5333635331867945,1805,3
рассуждать,0.592580642439509,1813,9
плод,1.1528534810554716,1819,7
труд,0.6863007250502265,1823,35
дать,1.1242124740016763,1813,57
надобный,0.7906468492845612,1812,16
жить,0.9892496472339879,1813,46
неужть,0.6375952080706776,1816,6
второй,0.6704038708821681,1805,2
оставить,0.5074041773800945,1811,23
работа,1.7000925238731475,1814,13
затевать,0.4476232402074228,1805,4
толь,0.6700304099488964,1805,2
дальний,0.8101495790490839,1811,8
расчёт,0.6824569113440722,1819,5
для,0.6670888248574854,1811,51
текущий,0.6697399403341294,1805,2
верный,1.0214066291958757,1816,15
цвести,1.1651530010647109,1811,3
пора,0.7069079857648491,1819,25
знакомиться,1.340102315557045,1807,2
могила,1.3717220079073924,1805,2
смиренно,0.47059092020956916,1816,7
ответствовать,0.921734060081657,1823,12
если,0.6428995170940232,1813,34
оттого,0.5732394376068314,1811,4
делать,1.154710755745655,1823,19
польза,0.6485201189172386,1811,20
ожидать,0.9461087092305965,1814,3
признаться,0.8769147866604659,1823,11
охотный,0.6676651573715081,1805,2
браться,0.652749423002922,1807,7
добрый,1.4809184782434321,1816,36
трудиться,1.2837238864346663,1811,15
веселиться,0.5282812990375111,1805,3
дождаться,0.4143458412886779,1823,6
сей,0.7301365009014251,1819,34
можно,1.216925194467782,1816,19
ручаться,0.5268582734757118,1805,3
наперёд,0.8082307511294243,1814,6
смерть,1.0008142517197658,1816,13
или,0.8044509568387412,1830,26
старость,0.713846307412507,1815,5
прекрасный,1.3377181866423937,1808,7
крепкий,0.6333649604641941,1819,3
провожать,0.6646774699053336,1805,2
ваш,1.6530305083420842,1812,17
близкий,0.7526275956359773,1814,9
сыр,2.016327097492974,1807,8
прежде,0.7163078182232334,1823,10
после,0.4170473411870591,1811,8
торг,0.7891725365702155,1812,4
корабль,1.921785343607991,1819,17
надежда,0.8244178171418681,1805,5
счастие,0.9537666064947736,1816,23
разбить,0.8121115472291974,1813,2
пловец,0.63311084875673,1819,3
море,0.8741077042165005,1811,29
поглотить,0.9943899336487888,1813,3
чужой,1.0418609905141265,1814,8
власть,0.5882099871954521,1827,5
роскошь,1.1298438101250108,1811,2
нега,0.9308620067827463,1814,3
страсть,0.651584508164276,1819,4
здоровье,0.9007523141862179,1823,5
заплатить,0.7796147185000726,1815,3
третий,0.796682543918765,1819,6
жаркий,1.3563086877815604,1808,4
искусный,0.9936913162651178,1821,4
поручить,0.6192194846343655,1815,4
до,1.052157195800325,1821,62
узнать,0.6266351804690352,1814,13
кончина,0.660901364913363,1805,2
трое,0.8742867665514072,1815,8
сколько,0.8859774988443405,1811,6
раз,1.5797790315372149,1814,17
лесть,0.660320425683829,1807,2
гнусный,0.6602789300245766,1807,2
вредный,0.9121478888946539,1815,4
льстец,0.8749743719211266,1809,3
отыскать,1.0865477795557943,1807,3
уголок,0.6280372518558618,1809,5
ворон,0.6361871280372267,1811,9
где-то,1.2352427846261687,1809,2
бог,1.8872521741387747,1811,43
послать,0.49224078073514055,1811,15
кусочек,0.7841549309277724,1816,4
ворона,1.0912488868524797,1812,10
позавтракать,1.044985186953803,1811,2
собраться,0.4501797412884159,1809,9
рот,1.0924316514050285,1813,6
держать,0.6247113875023377,1823,7
лиса,0.7656707176447862,1823,31
бежать,0.7608734141738843,1830,16
сырный,0.6584946166767224,1807,2
дух,0.6586144193741106,1811,13
лис,0.370216405469349,1807,5
лисица,0.707653427011192,1811,15
плутовка,1.3614310844127913,1807,2
дерево,0.834027224059373,1814,24
подходить,0.8985389975933039,1814,3
вертеть,0.8052587376017699,1807,5
хвост,1.5413520027667313,1823,27
сводить,0.6411238379321001,1816,3
сладко,1.2514159603988915,1811,5
дышать,0.9897196922513011,1813,6
голубушка,0.8501215711044181,1813,2
шейк,0.6570422686028875,1807,2
глазок,0.6569177816251303,1807,2
сказка,1.1154049314981818,1809,4
верно,0.7701904134406049,1814,17
должный,0.3901468733042961,1811,12
голосок,0.5657881870592225,1834,3
спеть,0.6536091560550863,1816,4
стыдиться,0.6561708597585866,1807,2
ежели,0.7557381524821132,1809,9
сестрица,0.6416473369522555,1832,7
при,0.9011236523622629,1814,22
красота,0.5991280380018643,1811,5
петь,0.9250360035785243,1808,20
мастерица,1.0141767652699987,1808,3
ведь,1.4987910089286898,1819,40
царь-птица,1.007976439607873,1808,3
похвала,0.5954943850304698,1817,8
голова,1.8721907950845613,1809,25
радость,0.5643603610968282,1809,10
слово,0.9006195161394135,1821,43
горло,0.6840962453094629,1816,4
таков,0.6026850613767998,1823,9
случаться,0.7159348218347372,1809,7
нередко,1.0076182178433923,1816,12
где,0.6137649733155068,1814,51
догадаться,1.3554142138211895,1807,2
дело,0.6653146612541494,1811,82
просто,0.8012563271499,1807,5
взяться,0.8014464797457708,1830,14
кто-то,1.3200184164788715,1808,2
принести,0.7751760576728742,1830,4
мастер,0.8677572262866984,1813,2
ларец,1.846751550464394,1809,5
чистота,0.5113574593203974,1807,3
всякий,1.0570838810041667,1811,34
ларчик,2.1430611504749533,1807,5
любоваться,0.8727521661051623,1811,6
входить,0.7556359549866479,1814,2
механика,1.358277414309607,1807,2
мудрец,1.050796776831069,1815,5
взглянуть,0.6761930541627362,1807,6
секрет,1.1780618758038908,1811,3
открыть,0.6693526426011716,1809,7
уверенный,0.6517723198778297,1807,2
приняться,0.7775316136556698,1812,9
ломать,0.6537558696703625,1818,4
иной,1.051141974110891,1812,22
качать,0.7228543841772326,1814,2
ухо,1.2856371184008748,1819,22
отдаваться,1.0782647056742474,1811,2
пуще,1.2570193350315093,1814,5
рваться,0.6044929928236712,1814,12
потеть,1.262426962681995,1811,3
наконец,0.8349125193904937,1814,37
устать,0.8708215739558434,1809,8
отстать,0.6876173720760895,1823,4
лягушка,1.3867410272259084,1814,8
луга,0.9749927399790239,1830,3
вол,1.2250922807108808,1809,6
затеять,0.6314097747612079,1811,5
дородство,1.2137065374741605,1809,2
сравняться,1.1154448163644195,1811,2
завистливый,0.5043947985358792,1807,3
пыхтеть,1.2445659333304455,1807,5
смотреть-ка,1.0159047248807551,1808,3
квакушка,0.694927805500351,1814,2
кумушка,1.278473520590746,1816,17
далеко,0.4138933934354082,1811,8
теперь,0.9843058432664126,1816,34
широко,0.6463778841750144,1807,2
каков,1.0334482764401216,1815,9
почти,1.0025993199213168,1811,15
ничего,0.6369962346676351,1813,6
затейница,0.6505274501002569,1832,2
пример,0.881588604384794,1819,18
диво,1.0669359954258548,1811,11
хотеть,0.9820084664767292,1819,55
гражданин,0.6443445968716457,1807,2
мелкий,1.3205168990083043,1811,3
знатный,0.47503872983776363,1823,14
дворянин,1.3619371073249638,1811,3
какой-то,1.0358641890035987,1812,18
деревянный,0.6639720436980423,1815,2
мудрый,0.6435146836865971,1807,2
давать,0.9082585212471411,1811,16
совет,1.040051820907207,1811,30
нога,0.5882274676245938,1819,24
стоять,1.0929499031541003,1816,9
наряд,0.6428507531385584,1807,2
завалить,1.0661479731725392,1811,2
жертва,2.096198065510454,1811,7
мольба,0.6426847705015486,1807,2
оракул,1.6516244538341172,1807,3
чудо,1.319040947313324,1811,16
позор,0.8863887772910369,1812,2
заговорить,0.8488008660523172,1809,3
вздор,0.9425321824885916,1809,14
отвечать,0.6360853720572192,1811,31
зачем,1.0466522414839197,1807,3
молвить,0.7818885472217901,1815,8
дивоваться,1.2144534593407041,1809,2
куда,0.8139871526525523,1811,30
немой,0.6716729606077326,1816,46
дар,0.6311742131900622,1813,6
деваться,0.7191530729040978,1811,3
идол,1.3464926470819183,1807,2
жрец,1.3469905949929475,1807,2
вещать,1.2024612138167534,1809,2
мирянин,1.0395879360164157,1808,3
враки,0.6772921503180707,1815,2
засесть,0.8003639864589914,1823,5
дурак,1.0594934087599819,1811,10
встарь,0.7013181370252243,1834,2
судья,0.8343752064209913,1830,16
видать,1.1665310561599727,1823,22
который,1.1421387775674054,1813,39
весьма,1.0323203411829405,1808,3
бывать,1.1093508803806178,1811,15
секретарь,0.6026408461081645,1811,4
услуга,0.639584411871912,1816,7
нужда,0.9012000114322817,1811,20
дорога,0.6706805848785533,1811,17
всяк,0.7404598098687066,1823,11
уметь,0.5206780076346578,1816,13
опасный,0.7519366210131377,1809,4
враг,1.3525663433642694,1823,8
человек,1.0439590912527283,1811,57
безродный,0.7237257930215335,1814,2
вдали,0.9739031226543999,1811,2
город,0.4191363769401866,1813,12
глушь,0.6370828565024713,1807,2
про,1.8365349816956045,1814,32
писать,0.829817752575076,1809,6
разделить,0.6882869708374499,1816,3
лужок,0.9645251036633521,1811,2
тёмный,0.8759504920418445,1811,5
дубров,0.7433947355071826,1814,2
пригорок,0.635879482384151,1807,2
ручеёк,1.0740316919903177,1811,4
пустынник,1.6551585806164155,1813,8
вечно,0.7325117383505805,1816,4
лес,1.2208432181251871,1814,49
сосед,1.440087278505035,1813,32
кто-нибудь,1.3066983098588434,1808,2
знакомство,0.6343856386510638,1807,2
свесть,0.877093749618494,1813,2
кроме,0.691027213530623,1814,2
волков,1.747242088075769,1830,7
медведь,1.6104101009194585,1815,26
точно,0.7817866206621766,1819,9
встретиться,0.7812529890563904,1816,6
больший,0.687416063959863,1815,22
нечего,0.9594708912658406,1823,7
снимать,0.6335557254660152,1807,2
милый,0.8426907213332864,1809,22
соседушка,1.0395201728944252,1813,3
лапа,1.0349783856044394,1816,7
дружиться,1.243375933839644,1809,2
расстаться,0.7900781237814959,1809,7
вместе,1.0817299729382284,1823,11
разговор,0.4806566886265176,1813,5
иль,1.2971443294439484,1814,56
беседа,0.631771412118161,1807,2
молчаливый,1.2138310244519177,1809,2
изба,0.5534274654751459,1816,6
вынести,0.4840150395972528,1807,3
сор,0.8824823958858237,1811,4
рад,1.2874350995721209,1823,17
везде,1.131187585497329,1817,17
мишенька,1.4913958557035751,1807,6
нахвалиться,1.0066042363875665,1830,3
вздуматься,0.5638908196434901,1811,3
роща,1.7129426294903833,1809,11
луг,0.564280863538276,1816,6
гора,1.435339478296293,1815,44
слабый,0.8790912896873403,1823,13
скорее,0.8869118973530866,1819,6
отставать,1.0367418848928172,1808,3
путный,1.0274325230900274,1811,2
мишка,1.053940428796358,1815,12
брат,0.8930061232508908,1819,19
отдохнуть,1.0204965613118315,1809,5
лечь,0.4897300477916674,1811,4
тотчас,1.144010127204821,1811,16
заснуть,0.7146420200099497,1813,4
муха,1.7050062428313617,1809,17
село,1.1452799088096353,1814,5
согнать,0.6258790285043169,1807,2
снова,0.70767509622665,1832,6
булыжник,0.6250491153192683,1807,2
присесть,1.328566522284871,1807,2
думать,1.0654759052579972,1814,32
молчать,1.235777966221159,1814,6
лоб,1.702271094480503,1811,5
есть,0.6523955703604284,1819,61
хвать,0.6238872368602004,1807,2
камень,0.7664517663462007,1812,13
врознь,1.1969422911361811,1809,2
лежать,0.6722324172762552,1823,9
набрать,0.6334312384882581,1830,2
порой,0.7970486229205673,1814,2
холодный,0.9977103266263205,1808,3
тащиться,1.0809526431208947,1811,5
лачужка,0.6223933931271132,1807,2
охать,0.6222274104901034,1807,2
под,0.6573298372360645,1816,48
тяжкий,0.7630636779928317,1814,2
дрова,1.3521704779003771,1809,6
нести,0.5708874620246839,1809,15
утомиться,0.6218124538975792,1807,2
остановиться,0.9526309097221769,1830,3
плечо,1.1312124202706044,1811,5
долой,0.7449081640680839,1812,10
вздохнуть,0.8120011751071787,1816,4
бедный,1.4610866809760081,1814,30
жена,1.2415556823686593,1814,8
ребёнок,1.214163468988477,1816,22
оброк,0.9879524370596965,1808,3
денёк,0.6198621579127153,1807,2
пенять,0.5469080571872276,1816,7
рок,0.7731056275319186,1814,2
явиться,0.8156101034549079,1811,6
вмиг,1.2588565070422038,1814,5
свирепый,1.1457366476186894,1809,2
оторопеть,0.6183268185203755,1807,2
коль,1.2213922867594234,1823,38
гнев,1.2505366708721262,1809,6
помочь,0.5815565560853523,1809,15
поднять,1.048184872851743,1816,13
басня,0.6755004001404111,1815,16
тошный,0.8590716135796715,1809,6
умысел,0.9904427317928453,1808,3
хозяин,0.7238498263803392,1809,25
музыка,0.676805791278542,1823,7
заманить,0.6165010095132689,1808,2
слушать,0.9550523417371026,1811,17
запеть,0.8734571871701878,1823,5
гость,0.8687108381278262,1815,17
помиловать,0.645465819462822,1808,10
удивление,0.4530809866956942,1814,4
хор,1.5238262937038272,1811,4
умиление,0.8425497180486985,1823,3
драть,0.7173550547958316,1811,9
зато,0.6098785165450704,1814,16
брать,0.9919994093338671,1813,13
пить,1.5242955488641292,1823,12
разуметь,1.023053734250747,1813,3
греция,1.0003773532574467,1811,2
выгнать,0.6132643480915798,1808,2
делить,1.2073602488507593,1814,8
поместье,0.4620597880723485,1808,3
парнас,1.8592723036711334,1808,4
отмежевать,0.9419099693707808,1811,2
пасти,0.6921020644002175,1819,5
осёл,1.9590960472407188,1815,28
как-то,0.7748677839150091,1811,13
муза,1.3187735467012989,1808,2
недаром,1.0096244148841038,1814,4
надоесть,0.3252056912073377,1830,5
кричать,0.6958351878163592,1811,31
унывать,0.6110235824919489,1808,2
робеть,0.6106916172179294,1808,2
надо,0.6312175962245858,1814,13
прославить,0.9317020371946845,1811,2
стадо,1.091361328720109,1811,33
громкий,1.086201706008593,1819,5
сестра,1.3347457999674899,1812,7
составить,0.9304986630763642,1811,2
толк,0.6484795008095235,1814,17
братство,0.6097372170551237,1808,2
завести,0.9409037574887722,1815,4
порядок,0.858143533980457,1811,8
чей,0.5310152591303658,1814,4
голос,0.9521951570148955,1811,14
ослиный,1.1948561033252956,1816,6
приятство,1.056313501929715,1811,2
принимать,0.6266200048761833,1819,5
одобрить,0.6089073038700753,1808,2
ослово,0.6835164992059342,1815,2
певец,1.4157978048504105,1823,11
дичь,0.8471237287830538,1809,3
занести,0.9685916782700897,1811,2
тронуться,0.6083263646405414,1808,2
обоз,0.5228263677172802,1812,3
тысяча,0.6709405028622962,1814,11
пение,0.7960991228627367,1811,5
потерять,0.5875586864577801,1811,4
терпение,0.7424026178714228,1816,10
загнать,0.6076209384332502,1808,2
хлев,0.9054352848878997,1812,2
хотеться,0.744871160452413,1815,8
невежда,0.7209325423108993,1815,5
старинный,0.5272479114271569,1812,3
мнение,0.6070399992037161,1808,2
ум,0.7882523350871292,1813,26
придать,0.6066665382704443,1808,2
сильный,0.5541596266393074,1809,19
бессильный,1.1358861521907273,1809,4
виноватый,0.6258004954708473,1809,19
история,1.4607865615285258,1809,3
тьма,0.7465962454170874,1816,4
ягнёнок,0.9063349939648316,1811,15
зайти,0.9597968598726665,1808,3
ручей,1.5446599504408616,1811,10
напиться,0.7242861293948739,1823,3
около,0.9493782798666356,1809,3
голодный,0.8564420621670662,1816,8
рыскать,1.1997639959653459,1809,2
волк,1.9531242495995862,1816,55
добыча,1.4641888032615242,1833,7
вид,0.7349403655331443,1819,6
нечистый,0.7050583435300852,1816,3
рыло,0.8029229046167442,1823,5
мутить,1.309188049413989,1808,2
питие,1.3092295450732414,1808,2
песок,1.776939014058009,1811,5
дерзость,0.8459258523242112,1813,5
светлый,1.319747654854753,1808,4
позволить,0.8075704239258401,1808,4
осмелиться,0.6029319289377261,1808,2
донбыть,0.7357180385454841,1814,2
ниже,0.8745598606609136,1811,4
шаг,0.8035955503790558,1814,14
сто,0.5301278441117508,1819,3
напрасно,0.685902593755492,1813,11
изволить,0.8535211282303189,1816,4
лгать,1.4234741808549654,1811,4
негодный,0.7102406115516663,1816,4
слыхать,0.887234552058185,1814,8
забыть,0.8151191363789659,1812,10
род,0.7241607159868338,1808,5
кум,1.229294017404205,1823,19
сват,0.7456020921073008,1812,6
пёс,1.2377324716355027,1814,13
пастух,0.7992079595598596,1811,35
зло,0.7747242871939054,1815,9
разбирать,0.8806631470563999,1811,4
вина,1.0777163965328953,1814,8
щенок,0.7076164013852244,1811,3
кушать,0.6792253532822958,1809,4
перенимать,1.5954149441430427,1808,3
сохранить,0.46883610027139294,1819,3
привести,0.7033514243285932,1814,2
страна,0.6026408461081645,1823,4
обезьяна,1.3023827612965913,1808,2
много,0.7988475357432385,1813,17
стая,0.7483720185563413,1830,5
сидеть,0.9139705150227982,1812,11
сук,0.5950062580205131,1808,2
ловец,1.1522091970286699,1809,6
украдка,0.6288252203112389,1815,2
сеть,1.8593888373723013,1809,17
кататься,1.241589802669933,1811,3
кругом,1.045367682422212,1809,8
шептать,0.5949432702956116,1811,3
сбраться,0.5929314750578918,1808,2
искусство,1.1832120603701495,1812,6
перенять,1.0273080361122702,1811,2
довольно,0.9897764207615785,1815,5
позабавить,0.6586191036544797,1815,2
авось,1.3820129131779357,1830,4
уйти,1.449647889820224,1811,4
глядь,0.9256021752845779,1811,2
подлинно,1.276816891157764,1814,18
терять,0.7686913158776699,1816,4
пойти-ка,0.6970453543547149,1811,3
попытаться,0.9048070863774201,1809,3
сойти,0.7509000955566214,1815,3
дорогой,1.2391561762143186,1814,6
разостлать,0.941453517119004,1811,2
внизу,0.6465023711527716,1832,2
премножество,0.5902342572064843,1808,2
кувыркаться,0.725925062961912,1814,2
кутаться,0.5898607962732125,1808,2
визжать,0.9835308933498199,1808,3
веселие,1.2968336878726436,1811,3
между,0.6511306598077131,1823,19
стеречь,1.4827818342506975,1823,13
мешок,3.1693111019390074,1811,18
орёл,2.3315910059352047,1814,28
летать,0.8895199854501028,1811,7
гулять,1.0815051098627269,1819,7
молния,0.5875785350143291,1808,2
родиться,0.6706385347257847,1819,12
спуститься,1.2723367707895674,1811,7
вышина,0.5873295610588146,1808,2
отдыхать,0.5322793232349474,1816,3
садиться,1.0322353549026346,1811,9
овин,2.0414261703118983,1808,5
насесток,0.6213974973050549,1815,2
царь,2.767937106572292,1814,56
сделать,1.1169838353538648,1815,22
вблизи,0.7069306670579647,1819,5
сесть,2.025883563744221,1812,13
скала,0.8248532878053663,1816,4
хохлатый,1.082829228192014,1811,2
наседка,0.6209410450532783,1815,2
толковать,1.0957219109507157,1814,12
кума,1.3468702777162858,1816,10
полёт,1.3333147951725994,1814,6
захотеть,0.6561633835649952,1811,6
вперёд,0.9401803989198707,1813,18
дура,0.5032863858431803,1823,4
почитать,0.5834704647483391,1808,2
сейчас,0.8213321610387396,1816,4
кура,0.8496108789257709,1823,19
спускаться,0.8980490575409683,1812,2
никогда,1.108717883141431,1814,9
подняться,1.458514088232229,1812,8
талант,0.8370680587012206,1816,5
судить,0.6222580936067309,1814,9
слабость,0.8909947954680562,1812,2
тратить,0.6133542085653922,1814,7
чувствовать,1.049281607449847,1823,6
сильно,0.8394495552176356,1809,3
прекрасно,1.3072528668667804,1823,5
различный,0.8451755390258283,1815,3
постичь,0.580524272941417,1808,2
высота,0.661985405042568,1823,6
стрекоза,1.2858674889141266,1808,2
красный,0.5803167946451548,1808,2
пропеть,0.5802752989859024,1808,2
оглянуться,0.814682134130128,1815,3
успеть,0.7909353973515261,1815,8
зима,1.0780691406893301,1809,8
чисто,0.5798603423933781,1808,2
боле,0.5764142789883585,1827,23
листок,0.7688967149390565,1809,4
готовый,0.7679684678148597,1828,11
стол,0.5992709714369734,1811,10
дом,0.9142947009628888,1811,37
пройти,0.5607035088769613,1814,14
зимой,0.9505832526225959,1809,8
голод,0.700661178977166,1814,11
злой,1.3433638880205074,1814,18
тоска,0.893838029708195,1815,4
муравей,1.2837097146330003,1808,2
ползти,0.7996055341256123,1814,6
странно,0.5769971419049609,1808,2
работать,0.5768726549272035,1808,2
голубчик,0.9711133012450709,1814,3
мягкий,0.617565371394904,1819,5
песня,1.7429377042234444,1823,13
душа,0.9279825364422898,1815,17
целое,0.5755032981718736,1808,2
поди,0.7705755545713046,1811,5
посадить,0.7174589948543366,1816,3
слон,2.09687744230926,1808,16
порода,0.5375293436486253,1815,4
семья,0.9791093496399433,1808,3
урод,0.4921804957971014,1816,3
воевода,0.9900869754023954,1808,3
родня,0.8215593180844579,1816,10
простой,0.5388530242992118,1811,13
обидеть,1.381396715993776,1811,4
вступить,1.0134069902627079,1811,2
овца,2.757897284989479,1819,36
прошение,0.6138452873211137,1830,2
приказ,0.6253180897278288,1816,3
сдирать,1.129179879576972,1811,2
кожа,1.3417553243437692,1818,9
плут,0.9467995087146012,1830,10
преступить,0.5718516801576603,1808,2
позволение,0.6875415781534194,1833,2
тулуп,1.0830782021475285,1811,2
собрать,0.7180688629522506,1816,3
глупый,0.6141690756652453,1816,8
всего-то,0.7150946958970292,1814,2
шкурка,0.805046949743091,1808,4
снять,0.77133216095264,1812,4
отдать,1.2445436328702235,1814,8
то-то,1.0808594852582476,1813,6
потерпеть,0.7000732672476515,1814,2
взять,1.6546796579746872,1819,36
тронуть,0.9763649431993303,1808,3
видно,0.9329230866923579,1815,11
напоказ,0.6933094747895063,1833,2
известно,0.6787431993510258,1814,5
диковинка,0.9753203716421596,1811,6
ходить,0.5919399288615572,1823,10
отколе,0.7373532876546921,1813,4
моська,1.55770476675536,1808,3
метаться,1.0663769926068736,1823,7
лаять,0.9355046964466113,1815,4
лезть,0.4768660302272608,1819,3
драка,0.8001897440438702,1819,8
соседка,0.7371652692911059,1818,5
перестать,0.8579812221347128,1816,4
возиться,0.6917090084979675,1811,3
хрипеть,0.5976204845534159,1816,2
лай,0.6222124423859982,1814,4
примечать,0.8380128900210062,1816,5
эх,1.1855839950461977,1811,6
придавать,1.0954854042640034,1811,2
попасть,0.5004623482463799,1816,15
забияка,0.9056012675249094,1812,2
пускай,0.9818944839202363,1819,8
собака,1.1344649144660193,1811,33
ай,0.8966382051263859,1812,2
самый,1.6703455414121697,1811,14
зной,0.9370233387402122,1816,5
поклажа,0.9379263122502502,1814,3
рыдван,1.2689372599391373,1808,2
конь,0.9771207856139341,1812,12
кучер,1.2670284596135257,1808,2
биться,0.8434812649742622,1811,7
козёл,0.8649941329449109,1811,4
лошадь,0.6634871924773253,1823,10
кнут,0.919045861122695,1812,2
тиранить,0.5625981481443696,1808,2
боярин,1.0586463140762283,1830,3
барыня,0.9355485376801377,1816,6
девка,0.5806072642599218,1816,2
сын,0.9425738853059032,1813,8
учитель,1.1208455210674007,1811,5
плотно,1.2156568334590245,1809,2
едва-едва,0.42926243702897293,1813,3
тянуть,0.7625313656959071,1814,5
горе,0.5858042955566473,1823,8
вступиться,0.9586723396218365,1814,7
жужжать,0.7879107994788409,1808,4
вокруг,1.3588226610544323,1814,10
над,0.6860494245436737,1816,29
укусить,0.8696719076253742,1814,3
вместо,0.6982959586077012,1814,5
вдоль,0.6411916010540905,1819,3
поперёк,0.5594444780411854,1808,2
откупщик,1.5987114822910284,1811,7
ярмарка,0.8362938219252849,1833,5
хлопотать,0.8655644852686523,1811,6
плакаться,0.49168921316267067,1832,3
слуга,1.0402067924551381,1811,5
плестись,0.5582825995821175,1808,2
вслед,1.0211224852740193,1813,3
шажком,0.5581996082636126,1808,2
тишком,1.157811884461145,1809,2
барин,0.9897433339533485,1823,12
нужный,0.46858198856392874,1819,3
служанка,0.581312690467213,1816,2
бора,0.6649264438608481,1832,2
искать,0.6364542064894106,1816,8
ужин,0.71657582011411,1811,5
понемногу,0.5564982862342632,1808,2
ровный,0.6069985035444637,1830,2
слава,0.7302260164305817,1816,21
путь,0.9001013241764182,1816,25
насилу,0.6370559465209756,1814,8
крыло,1.660166791184708,1811,9
носить,0.4231866887175852,1816,6
лев,1.573878762294551,1809,95
соседство,0.5542575206346324,1808,2
положить,0.5538010683828556,1808,2
зверь,1.0103586819258632,1816,31
ловить,0.6220654598722873,1816,3
сначала,0.9081613609159472,1809,3
олень,0.9640151142165717,1808,3
товарищ,0.7664681628616808,1814,5
прислать,0.7859290635178214,1823,5
коготь,0.7312121715803908,1811,17
делёж,1.068946308618776,1813,3
братец,1.1263154111468703,1814,11
часть,0.8413985355835715,1816,5
спор,1.5670909995179176,1815,11
протянуть,0.5956378422960138,1816,3
живой,1.0965593689719981,1816,14
встать,0.527240348294128,1815,6
залезть,0.781602114021968,1812,4
сад,1.332501425760016,1819,8
кисть,1.2558246316153712,1808,2
зуб,1.3304919631609513,1819,17
висеть,0.548365137020788,1808,2
высоко,1.2569757426375467,1830,7
отколь,0.7665661612137882,1809,6
нейметь,1.1470230130555146,1809,2
попусту,1.009076533621965,1814,8
досада,1.2657814406206935,1816,9
разбор,0.6245859930072003,1811,5
личина,0.5463733453766717,1809,2
дружба,1.1759404229849262,1815,19
истина,0.8885482429723199,1811,5
понять,1.044395541704543,1811,4
послушать,0.7787984015393278,1819,15
басенка,0.7419681618333497,1819,5
огонёк,0.6275779588531882,1809,5
забытый,0.6615652954614017,1832,2
огонь,1.442586439569763,1809,17
становиться,0.7094722468713829,1823,8
гореть,1.1445183785336042,1811,6
участь,0.5869718319966756,1819,4
жестокий,0.6853008125537886,1833,2
затем,0.902540785019248,1813,9
снег,1.3423233551543585,1809,6
зеленеть,1.2462391343280612,1809,2
безделица,0.5427217273624584,1809,2
продолжать,0.5425972403847011,1809,2
подружиться,0.5425142490661963,1809,2
порою,0.5420577968144196,1809,2
маленький,0.6355659083081883,1830,11
спросить,0.8366786888140804,1811,14
зреть,1.1078926063804782,1811,2
спасибо,0.7251607917870786,1815,9
хвалить,0.9840217237875273,1834,9
пристать,0.48773206262944485,1816,6
хвастовство,0.7355927242713788,1813,4
уступить,0.5429707013179729,1830,2
оно,1.1645073687809055,1816,15
вред,0.679372066897572,1813,4
ночлег,0.47439267627460957,1813,3
весною,0.5416814564111216,1816,3
сладить,0.7881531626594398,1811,6
дремать,1.0904229338352076,1811,2
клуб,1.1144904162016138,1811,2
чёрный,1.0021149295556995,1813,3
дым,0.5530809868678933,1814,4
нестись,0.4035347641033459,1809,7
облако,1.2946450722721756,1814,6
лютый,1.200469422172637,1809,2
погибнуть,1.0749119736819743,1811,4
прохожий,0.8108883575488263,1814,5
находить,0.8443511334579018,1813,5
дивиться,0.7513871796221641,1832,11
голубь,1.4454344473854335,1809,5
родный,0.6401535352871507,1815,2
печаль,0.7192922101584938,1815,5
пополам,1.0936913164373172,1811,4
скучно,0.5345470824897307,1809,2
вздумать,0.7337004473691422,1815,12
лететь,1.2782125616425783,1811,21
осмотреть,1.2330435146857903,1809,2
поверить,0.8739261539751255,1814,6
быль,0.6727112687640364,1823,4
молва,0.9269233206763257,1816,6
сквозь,0.7018218938884944,1814,17
слеза,1.6809245443363137,1816,10
таскаться,0.6534917851628655,1813,4
бессовестный,0.5895288309991931,1816,2
вспомнить,1.0658113518590375,1814,7
хищный,1.224619895857548,1809,2
птица,0.4506165042081497,1819,12
силок,0.9369268062008912,1809,3
ужасный,0.5788229509120675,1830,2
странствие,0.7847138934298534,1811,3
весна,0.615533983477424,1813,15
даль,0.6819396641543422,1833,2
корм,1.3978836922730251,1814,12
прокричать,0.5764162026754269,1816,2
гром,1.0476604617556695,1809,5
сон,0.8514828943207203,1819,8
бояться,1.2945673686993233,1816,18
несчастие,0.7422204801165349,1816,7
здоровый,0.598118432464445,1830,2
сытый,0.5713247907580558,1813,6
укрытый,0.7879610735442864,1814,2
ненастье,0.5276588030538284,1809,2
голубка,0.9982536573252108,1809,5
охота,1.0984038038249744,1816,8
мешать,1.0626623377953357,1811,2
плакать,1.085240612197413,1823,4
разлучиться,0.5262894462984983,1809,2
крылышко,1.2262797222276451,1809,2
дружка,0.5681768371093857,1834,3
назад,0.7101068704468168,1814,9
воротиться,0.7798349486465415,1823,3
тогда-то,1.3273270927683438,1811,3
местечко,0.621024036371783,1815,2
рассказать,0.5488474065616112,1816,3
обычай,0.8993354229777935,1812,2
представить,0.7928184585579253,1823,5
странник,0.8506161986478519,1811,4
встреча,0.3519277740573774,1809,3
океан,0.7167840387929809,1827,4
степь,0.9748160271579533,1811,2
деться,0.9229460109789759,1815,4
сухой,0.7659624426335342,1816,4
кой-как,0.9248819112670895,1809,3
прижаться,1.1070630647384014,1812,3
голубок,0.7163810613338544,1814,2
спастись,0.690789798678293,1819,5
утихнуть,0.5212269758697026,1809,2
помалу,0.9726887938313487,1814,3
желание,1.2195574254287522,1809,2
бедняжка,1.0519469111016635,1814,20
дале,0.5534552988569614,1819,3
лесок,0.6417303703387429,1815,2
птичка,0.74232806062483,1811,3
старый,1.5669013135288734,1823,13
прочь,1.1681018992052088,1815,8
память,0.455283475873304,1813,3
ястреб,1.4988016729651656,1809,3
невзвидеть,0.7733960971466856,1814,2
последний,0.646987111030384,1813,6
махать,0.5178243318110037,1809,2
распустить,0.4368401361714575,1823,5
холод,0.46804577545385784,1814,4
пахать,1.0255609697643935,1830,3
ударить,0.9642346340485851,1811,2
хищник,1.223541008716985,1809,2
обед,1.0132800011326766,1811,10
вниз,0.691608152760157,1814,2
плетень,0.5752958198756115,1830,2
кончиться,0.43332131869706425,1823,6
черепок,0.5152516009373533,1809,2
жалость,0.6927700312192249,1814,2
разбитый,0.5144631834115573,1809,2
клясть,0.7852406116808156,1816,4
кое-как,1.0295902973711535,1811,2
домой,0.8635552623233385,1811,19
отрада,1.109427945772818,1811,2
помощь,0.8919829155407284,1814,3
скоро,0.572948920457764,1813,9
сулить,0.6248416370230062,1830,2
красивый,0.5345470824897307,1816,2
угодный,0.8792434486065247,1809,3
правление,0.9909578386071464,1811,2
показаться,0.36761103111822224,1809,7
служба,1.2621642566676827,1823,10
воля,1.1308810166471006,1823,11
пособить,0.5599266770070491,1816,3
сродный,0.6007741546566001,1816,2
зевес,1.02733522196237,1816,6
шум,0.8852633347134031,1819,8
царство,1.6646345661733524,1814,12
келья,0.5222228716917607,1816,2
важный,0.5931289242167315,1813,8
рост,0.7786175060830033,1815,6
великан,0.5064960168350918,1809,2
чурбан,1.4651408475933816,1811,4
чтить,0.5057490949685483,1809,2
поддать,0.5054171296945288,1809,2
страх,0.585167592579383,1811,16
издали,0.5049606774427522,1809,2
осока,0.7537271546610363,1814,2
приглядеться,0.5042967468947134,1809,2
дерзнуть,0.503674312005927,1809,2
перед,0.6813044098758045,1811,10
рядом,0.7972801620124687,1823,5
задом,0.9037754585178027,1812,2
терпеть,1.1179362863237736,1823,11
милость,0.7437500012807305,1816,4
вскочить,0.5017655116803156,1809,2
наскучить,0.48745401803826793,1813,3
житие,0.8488604918273359,1816,10
юпитер,0.8785971364948789,1816,12
держава,0.5126373744044507,1827,2
тёплый,0.6384098118988154,1819,6
журавль,0.5947230401491427,1816,3
нрав,1.0514341720994924,1813,11
народ,1.3616402683451938,1823,25
суд,1.0283471787894694,1813,20
правый,1.2113638103131468,1809,6
завтрак,0.679697995125161,1816,3
расправа,0.49894380685115064,1809,2
житель,0.7985622079478868,1812,4
болото,0.6965461362111955,1814,2
приходить,1.098611300387583,1812,8
великий,0.8919676337819772,1811,13
утро,0.9066777548011329,1823,7
вечер,0.664572970143712,1823,6
встретить,0.549728327147487,1833,3
проглотить,1.1201753215191959,1811,2
прежний,0.44971766751490955,1819,7
стон,0.69268703990072,1833,2
пожаловать,0.3085093902026119,1816,4
нынешний,0.8096922462328482,1818,6
глотать,0.5232602631730713,1816,2
даже,0.7639946975386958,1819,26
нельзя,1.43338910810073,1814,18
засуха,0.7128954259566506,1814,2
счастливо,0.4944643086963341,1813,8
безумный,0.716683656208409,1823,6
покой,0.6840874593061645,1813,15
слишком,1.2355046969632084,1813,4
тихнуть,0.48952464873028084,1814,4
лужа,0.8625586869313275,1830,4
лихо,0.4699237097293922,1815,4
живить,1.0556910670409285,1811,2
плохой,0.6926688273103955,1809,21
ужас,0.4993587634436748,1823,2
мор,1.1789331750206289,1809,2
свирепствовать,0.4930929188965588,1809,2
ад,1.0400350207631706,1814,8
ров,0.6063760686556774,1830,2
сено,1.1484832730550611,1811,3
косить,0.9376774121270335,1811,2
бродить,0.32063815247828925,1823,3
столь,1.1861126008396368,1814,8
смирный,0.6663732405841082,1809,4
подземелье,1.0591352067588797,1811,2
любовь,0.9360135068037678,1816,9
помин,0.7548475374608519,1814,2
сем,0.9425469499798645,1815,4
сзывать,0.9078931940516466,1811,4
тишина,0.4884454050602872,1809,2
уставить,1.103912079565846,1812,3
приложить,0.5025234750437445,1823,4
множество,1.2735570554689255,1811,3
подпасть,0.8809528459289695,1813,2
угодить,0.7974703011445547,1823,3
усердие,1.0657106195437325,1830,3
вера,0.8275571273083124,1809,3
ведомый,0.4860801524828991,1809,2
многие,0.6484741795204224,1823,4
итак,0.6517498934510381,1819,5
вольный,0.8376707732653865,1823,3
ох,1.5799203270145308,1823,8
больно,0.5441047362815689,1815,5
овечка,1.332140807302636,1819,6
бедненький,0.5704408277430779,1830,2
иногда,0.7495295048308143,1823,10
охотно,0.8377504368766213,1816,5
перечесть,0.4755868552790501,1811,4
принбыть,1.1798460795241823,1809,2
лишний,1.0279341953654122,1811,6
доброта,0.8814626908517117,1814,3
совесть,0.8847547610446888,1819,10
притом,0.8466083363386753,1823,14
поверь,0.6324530527322709,1823,4
бить,0.8643656086639775,1811,7
чело,1.013854890440544,1813,3
частый,0.5926562649284342,1819,3
учить,1.0974206877675285,1811,7
поделом,0.6458626771685075,1813,4
бесхвостый,1.1316610780209333,1811,3
спесь,0.9686619734990128,1815,4
окончить,0.8231186428179383,1815,3
лад,1.269195227851201,1816,9
доказать,1.1416055647882466,1814,5
спешить,0.6321452242683662,1811,3
тигр,1.1809249666647452,1809,2
черёд,1.1401762292788644,1809,2
богатый,1.0427155550700524,1815,34
зубок,0.5551289294789332,1830,2
святой,0.9035370777189189,1814,10
ряд,0.9612469465824105,1811,2
пять,0.8087231191076506,1814,5
худой,0.6634871924773253,1811,10
лукавый,0.6012323954015139,1819,4
найти,0.8632975527014963,1823,16
стог,0.7389060229643125,1816,3
клок,0.652104285151849,1815,2
сенцо,0.6466255879679434,1816,4
стянуть,0.40837445467541833,1816,3
злодей,0.6838359547855583,1823,6
чужое,0.8716163225971738,1813,2
строгий,0.744903059260467,1816,3
проказа,0.4615316909355984,1814,4
спасть,0.6641114365515671,1814,5
приговорить,0.799081910223936,1814,2
куча,0.8094973206962947,1813,2
петух,1.1055584181687834,1816,9
зерно,1.230815466273452,1811,3
вещь,0.45955538012923636,1815,7
глупо,0.5333022127121579,1828,2
ценить,0.6424772922052866,1815,2
гораздо,1.4345032739218022,1812,5
невежа,1.0515841362642238,1815,5
пустяк,0.989837455807331,1811,2
воровать,1.0104193027965334,1811,2
вор,1.128027187508663,1812,17
беречься,0.5626710834476621,1816,3
клепать,0.520106593069887,1816,2
унять,0.5316382119232858,1814,5
исправить,0.4676975754340751,1809,2
заставить,0.5774756535901095,1811,5
меньшой,0.6865041866721089,1815,2
купчина,1.4333424971223954,1809,3
выстроить,0.8775502018702708,1813,2
анбар,0.7285504707381253,1813,4
съестной,0.7919645474828312,1815,3
товар,1.006533864697456,1819,12
кошка,0.6898202999906102,1809,14
учредить,0.6276220358755039,1811,3
мышь,1.2196524876536654,1813,14
кладовая,0.4658717664269685,1809,2
хорошо,0.5017316761206254,1823,5
сделаться,0.6232989244200242,1823,8
причина,0.7312600735424455,1818,5
надсмотрщик,0.5703993320838255,1816,2
подстеречь,0.6187832707721522,1815,2
наказать,0.9466677549870177,1814,3
поберечь,0.4641289487383666,1809,2
велеть,0.7864948911619152,1816,12
услышать,0.9386522002726003,1811,8
приговор,0.4394607868885349,1821,3
скорый,0.9966806569095613,1827,23
ждать,0.9308710710280935,1813,16
неделя,0.4893570103628773,1816,5
поесть,1.1978492736299324,1830,5
прихожая,1.1586003019869409,1809,2
пол,0.5837355196690963,1813,6
угол,1.2565727721168582,1812,4
валяться,1.0309530213167468,1823,6
низкий,0.7163789802558214,1819,5
червонец,1.1353466325208406,1823,20
набитый,0.4212155662926076,1823,3
беречь,0.5201558868564461,1815,5
пахнуть,0.9656039908039151,1811,2
сверх,0.626930114265675,1833,8
знак,0.4541226757292037,1816,5
заводить,0.6439681577200257,1815,5
подсесть,0.6149656701209293,1830,2
рядить,0.6631006348537415,1832,2
тот-то,1.0669778863575878,1811,2
разинуть,0.47551260699657344,1813,5
вянуть,0.753312198068512,1814,2
порка,0.7232696825650173,1811,3
долго,0.5890538383985487,1814,7
слыть,0.6555484248698003,1815,2
ласкать,0.6708210261444126,1819,3
потаскать,0.5682830534619517,1816,2
выбросить,0.5217421577654331,1819,3
слух,0.7043944012702651,1814,9
котор,0.6582453062978115,1813,4
рубль,0.74234155057408,1813,4
князь,1.1254607523588074,1812,3
вельможа,0.9187489381451829,1815,9
кой,1.3862289917037005,1811,14
играть,0.7347113323911071,1814,5
запросто,0.5750053502608445,1830,2
миллион,0.5882637585960977,1813,6
поступить,0.8403285955208459,1813,2
надеяться,0.39850352181298,1814,4
комар,1.7884078413343019,1809,11
явить,0.4887923396975792,1830,3
презрение,1.3391686983361741,1811,3
обида,0.8283152463359839,1823,5
война,0.7997065741470404,1816,4
трубач,1.1524589444175821,1809,2
пищать,0.42260471029341184,1816,3
брань,0.4471157284448726,1809,2
смех,0.5686565143952236,1816,2
шутить,0.9831390747145141,1816,7
трубить,1.1401992313917293,1811,3
высмотреть,0.9067722169151431,1814,3
крестец,0.8973851269929295,1812,2
жало,0.7692935058714472,1813,8
взмахнуть,0.5069524690868685,1816,2
трусить,1.0722063394233934,1811,2
кровь,0.8437343685685971,1823,5
сосать,0.5661252791808257,1816,2
крутить,1.1146563988386236,1811,2
рёв,1.132135419874866,1833,3
ярость,0.7484572059359783,1814,2
рык,0.5022634595913447,1823,2
грозный,0.5131768179747322,1827,2
дрожать,0.9793720674141692,1819,4
обнять,1.1353212371463308,1811,2
пожар,0.8817607260869212,1814,6
наделать,0.992664320958185,1814,4
тревога,0.4596521894948125,1809,6
злость,0.7176781233205266,1819,5
жаловать,0.44097437087551383,1809,2
леса,0.7429870904812947,1816,4
вдвое,0.6875086015072064,1819,7
ясный,0.4217136157496612,1819,4
сокровище,0.6266649431871352,1823,10
раскинуть,0.9713303917807498,1811,2
тенёта,0.8173926590097459,1809,3
дожидаться,1.00714634136349,1813,3
оплошать,0.6891184132050115,1815,2
умереть,0.8095063397049972,1816,8
презренный,0.4689009495523954,1817,2
тварь,0.6190727710190892,1809,4
зев,0.4691084278486575,1823,2
хвалиться,0.7842173999534787,1816,10
разобрать,1.0923732298200717,1811,2
гордость,0.5587238815917187,1833,3
разум,0.9200002612855007,1811,2
верх,0.8891876867586225,1814,3
умение,0.8571751932799594,1819,10
впрочем,0.8129202929583763,1823,3
скушать,0.5867957756583443,1823,4
паутина,1.1531081061309092,1811,3
пролезть,0.5249615852024206,1828,2
половина,0.8980307741783755,1814,3
каменный,0.5419333098366622,1830,2
стена,1.403402576312191,1812,5
малый,0.7159611076223407,1811,12
прямо,1.0703693341805753,1813,3
ступать,0.8918157846199121,1816,5
туда,0.5659956596779339,1814,7
надменно,0.9529063190726733,1811,2
принять,0.7812311522333317,1814,5
лука,0.541518353244138,1830,2
стрела,0.5415598489033905,1830,2
пуститься,1.1250952832837284,1811,21
учиться,1.1178273099069742,1811,5
прошибить,0.42956306458109705,1809,2
запутаться,0.7167960179263786,1814,2
синица,1.3856711408021172,1811,3
сжечь,0.4368663006095237,1823,2
нептуновый,0.42811071650726223,1811,2
столица,0.5670926271575387,1811,3
жарко,1.110091876320857,1811,2
крылатый,1.0824142715994896,1811,2
охотник,0.9243795101548481,1819,10
пир,0.5636100133268683,1815,6
берег,0.7138262873662787,1819,12
уха,1.0305754407916865,1813,3
тороватый,0.635635025050874,1816,3
толпиться,0.641439900723976,1832,2
закипеть,0.4253720029966022,1811,2
кипеть,0.8681425109963934,1811,5
стыд,0.47964624402063577,1816,5
примолвить,0.9593720280256948,1833,9
годиться,1.1002347436786317,1814,4
ничей,0.7802428809233354,1814,2
трогать,0.42367068096725286,1811,2
свести,0.530648658435702,1811,7
полезно,1.130258766717535,1811,2
просвещение,1.021173307615512,1813,3
часто,1.397146524155465,1811,22
свойство,1.2109439307497543,1811,3
растерять,0.701643193696486,1816,4
испортить,0.5127296625407041,1832,3
разлучить,0.42122243707135987,1811,2
блеск,0.5565434281884096,1814,4
книга,1.053093241844437,1815,5
важно,0.9821078677880205,1830,3
шутка,0.5534295622799266,1816,7
намеренный,0.6367370902983334,1819,4
мужик,1.2925401352024775,1816,40
немало,0.7092438079424374,1814,2
запачкать,0.4190231671309813,1811,2
пыль,0.5451712571936297,1819,3
троить,0.8007832322532854,1814,2
крестьянин,1.26068480730547,1811,32
постоять,0.7331630983756224,1816,3
придумать,0.7315176698878704,1815,7
кой-что,1.0263951316087168,1811,2
дресва,1.1238684351926616,1811,2
мел,1.123702452555652,1811,2
кирпич,1.123992922170419,1811,2
приступать,0.41723885378312703,1811,2
жар,0.7982326362669473,1811,3
заиграть,0.8051349779122565,1816,4
цена,0.4567427213914351,1819,2
жалобно,0.44562188471178527,1823,2
недавно,1.113826485653575,1811,2
утонуть,0.6506519370780142,1832,2
река,1.0282970266247342,1814,23
журчать,1.1127061028537595,1811,2
сердито,0.46935740180417207,1823,2
дно,0.9514394090787884,1813,10
ясно,1.078060448526491,1832,3
открыто,0.9258926448993449,1811,2
тинистый,0.6961311796186713,1814,2
чай,0.7803585033680387,1815,9
судьба,0.7929273643525687,1815,8
обильный,0.49479424092590824,1823,2
украшение,0.7299274093005786,1823,3
курица,0.7077049038339001,1819,5
течь,0.7824813235732034,1811,14
мимо,0.6931320340597668,1811,3
долина,1.2183074962347356,1814,5
унести,0.5623661493987051,1816,3
листочек,0.6722440517062122,1819,3
путём,0.7316384281308372,1816,3
нигде,0.7230584127804173,1819,5
серебро,0.4547094340880662,1823,2
туча,0.38504699993020747,1815,3
ближний,0.5826094496713764,1813,6
богатство,1.0601325502648353,1813,9
ревета,0.5102306261678101,1827,2
столетний,0.9755629490244969,1811,2
треск,0.5680921332068977,1818,3
слышный,0.8299135883195629,1818,6
вдалеке,1.0783476969927521,1811,2
кудрявый,0.6857687805236106,1813,4
склад,0.5290436341599037,1833,3
хижина,0.8321442146855973,1819,8
след,1.194699835897313,1830,5
смирно,0.428872799077528,1830,3
возвратиться,0.6312134813409974,1816,3
небылица,0.5368293437486141,1816,2
счёт,0.6064709531924655,1811,8
край,0.568613134511058,1811,7
рай,1.1277212862594574,1834,7
шуба,0.9867487841722101,1819,6
свеча,1.1193955418336923,1823,4
ночной,0.8951443613932987,1812,2
божий,0.7361785573041971,1811,3
рим,1.2035238688918006,1811,3
например,0.6319888170182,1813,6
огурец,2.0432601513195725,1811,8
диковина,0.6380372566652771,1832,2
повсюду,0.507782382271917,1827,2
встречать,0.5330924806988327,1812,3
спорить,0.39835832882327393,1811,2
через,0.7578334544114174,1816,5
мост,1.342573795216194,1811,3
лжец,1.4231220681783026,1811,4
дойти,0.44059581918187496,1816,3
упасть,0.513948869991743,1823,5
пожалуй,0.6843859419553012,1814,5
римский,1.0966887783823238,1811,2
трудно,0.6917253533038207,1823,4
чудный,1.0965642914045663,1811,2
хоромы,1.017400236493738,1811,4
дома,0.39159453636512875,1811,2
влезть,0.6755493326294687,1833,2
счесть,0.920741915156927,1816,6
усесться,0.8006455412848075,1830,4
послушать-ка,1.1025906986870322,1812,3
перервать,0.900082344844337,1812,2
поискать,0.7257175846656498,1814,2
чреда,0.7865087254704516,1814,2
подвиг,1.0822897846217323,1811,2
свидетель,0.38819189230643003,1811,2
сколь,0.7510299368096287,1814,2
почесть,0.519307512631332,1819,4
потерянный,0.42584039936845564,1823,3
льститься,0.5599765267858707,1819,4
общий,1.348291478864345,1816,12
пчела,1.0015390355117726,1817,7
цветок,1.2832209921404698,1816,8
жалкий,0.6901558046863221,1833,2
улья,0.9175105217303553,1812,2
сотня,1.060131102580938,1811,2
отличить,0.983571611260215,1811,2
разница,0.654606808638964,1813,4
пернатый,0.9993399617761362,1811,2
тучный,0.4375302311575625,1819,2
лани,0.6331822645327435,1830,2
хвала,1.1927495324953197,1811,3
продлить,0.4281107165072622,1823,2
соты,0.4717226543815602,1817,2
капля,0.7695010725429986,1815,3
мёд,1.0544806965882558,1816,6
из-под,0.9605616669911923,1816,6
налететь,1.085858411317441,1811,2
царский,0.7809755623463123,1814,8
подхватить,0.5445060407103127,1816,2
жадный,0.4651408458713908,1811,4
баранов,0.6740139932371291,1833,2
выбрать,1.0084332942778782,1816,8
баран,0.8163080149803744,1811,5
шерсть,1.2637370649115203,1830,8
вцепиться,0.5467468063099435,1816,2
всклокочить,0.45416999051778467,1819,2
полный,0.8697769968029124,1815,4
сходить,0.47183098672798157,1811,4
осесть,1.41421747600518,1815,23
соловей,1.8371054384069467,1823,24
томный,0.5022219639320922,1823,2
рассыпаться,0.8047668155415183,1813,2
внимать,0.7416673701854233,1811,3
прилечь,0.6054216684928715,1816,2
чуть-чуть,0.7702839227027536,1814,2
пастушка,0.5916906404400702,1811,3
улыбаться,0.38063968232248874,1819,2
неложный,0.5778685507492617,1830,2
скука,0.4120933920358265,1823,2
незнакомый,0.4206000021825735,1819,2
полететь,0.40242490343001164,1819,2
тридевять,0.4227162808044471,1823,2
избавить,0.47992957829122307,1811,4
этакий,0.7157622153665167,1830,5
пышный,0.6357691095727818,1811,7
вкусно,0.5213099671882074,1828,2
сласть,0.4816901416745364,1811,4
вино,0.7646966041370825,1815,5
пожелать,0.6922172319128957,1811,3
избыток,0.780782324493617,1814,2
страдать,0.4829225360428558,1811,4
досыпать,0.8812848112029888,1813,2
разориться,0.6462734752912807,1813,4
крепко,0.4427171885641156,1819,2
заря,0.7472828380071441,1811,5
окно,1.1592125453520163,1815,11
сапожник,1.2338028190260053,1813,4
умолк,0.8645582099515406,1819,6
богач,0.9863693138600823,1816,9
отвадить,0.6236797585639384,1815,2
просьба,0.9600850681233426,1811,2
здорово,0.569628304573001,1814,5
делишки,1.0672683559723548,1811,2
клим,0.6237627498824432,1830,2
хозяйка,0.5762087243791648,1816,2
благодарить,0.40234191211150677,1823,2
здешний,0.5548259472296921,1811,5
богатеть,0.8209501226499638,1813,2
дружок,0.4783568189110506,1816,3
также,0.914491736294768,1816,5
бедность,0.6285198972418773,1816,3
полюбиться,0.5309369601347699,1816,2
промотать,0.3721745678349942,1819,2
прощать,1.2231220678339045,1813,4
схватить,0.936945080307895,1816,7
бегом,0.37819143842659575,1823,2
примчать,0.5597764433152047,1816,2
зарыть,0.42221833289341804,1823,2
тревожить,0.6599958674064391,1819,3
ночью,1.0435075038445174,1830,6
хватиться,0.7210843218808255,1823,3
забраться,0.5084507051008995,1811,4
клеть,0.984477701225778,1811,4
простор,0.6713773080022746,1815,6
обшарить,0.6402780222649079,1832,2
потолок,0.9350216899348784,1811,2
сума,1.2484926024149656,1813,13
тужить,0.7143485927793974,1816,4
горевать,0.5009770941545195,1816,2
славить,0.4598548958353669,1823,2
климович,0.6293646638815205,1815,2
стараться,0.4454578231846894,1811,3
фок,1.1934859175481296,1813,4
далёкий,0.5662558695196883,1823,4
любой,1.0438648041539875,1811,2
любезный,0.6652582171080098,1817,4
полезный,0.813214209842738,1817,6
отведать,1.0453171522278224,1811,2
сунуться,0.5896948136362028,1830,2
советовать,0.6094882430996091,1830,2
вкось,0.609571234418114,1830,2
глухой,0.7101525833825006,1823,4
приучать,0.6079529037072695,1816,2
промысл,0.449397989703756,1819,2
питаться,0.8218630271535171,1813,2
захватить,0.534515506260632,1812,3
ничто,0.369809315257606,1811,2
жирный,0.6979753533145833,1813,4
унбыть,0.9654795038261578,1811,2
съесть,1.4595745013962653,1819,15
ведать,0.8453556431386604,1830,7
манить,0.5949771518566068,1816,3
сберечь,0.7905219935445574,1823,5
шкура,0.7483156033917161,1811,8
благодарность,0.9595766297261975,1814,3
забава,0.7680016614438703,1814,2
соха,1.0253162444681538,1811,2
полоса,0.5926825011023773,1816,2
пот,1.1328638517160392,1814,4
катиться,0.6955692500240549,1813,4
работник,1.0333249067038717,1811,2
прямой,0.5328051652367344,1811,4
мартышка,1.2666420167880412,1815,8
зависть,0.9240023490089639,1815,4
хлопоты,0.7720048397134142,1814,6
понести,0.8972606400151723,1812,2
сякнуть,0.6786200114141482,1815,2
литься,0.5372443003411383,1828,2
гряда,1.1581327947019424,1811,7
рыться,0.6765131283916102,1811,3
огородник,1.0221625743649696,1811,2
вырыть,0.42474956810781583,1823,2
ретивый,0.5642164788552142,1816,2
свежий,0.5913961356655522,1816,2
взрыть,1.4501173733891075,1811,4
полсотни,0.4795426735458833,1830,3
огород,1.1417552979645087,1816,11
назвать,0.6185756590897794,1811,3
болтать,0.7040983461951368,1814,2
тоже,0.8279128836987623,1823,3
никакой,0.7701442417781426,1811,8
хлеб,1.581493178878193,1833,9
против,1.1306902689668752,1816,8
кривой,0.8959742745783471,1812,2
приниматься,0.7063391117947677,1834,2
посеять,0.625796037185812,1830,2
читать,0.7792164794860457,1819,6
заступ,1.0242788529868432,1811,2
взойти,1.0221210787057171,1811,2
пересадить,0.5385306657779635,1816,2
вылиться,0.6890354218865067,1815,2
поспеть,0.7751804104945398,1814,2
прибыль,0.6203736200398225,1811,5
жалеть,0.7363089797518944,1811,7
вдвоём,0.8098540116883087,1815,3
ремесло,0.7782820809772995,1819,6
волос,1.03507820455994,1819,7
уже,0.6831890635102726,1811,6
бранить,0.7386380887135725,1811,7
курятник,1.0801272237471997,1813,3
сносный,0.6060026077224056,1816,2
вкусный,0.7171201792443845,1821,3
честный,1.2398110207176838,1811,3
воровство,0.39786038091224485,1811,2
промысел,0.8127754777772361,1813,2
острый,1.460066210184892,1823,5
нож,0.6800537515156109,1816,3
наняться,0.6666692615494499,1833,2
масло,0.40437519941487554,1823,2
караул,0.8212551569632012,1823,3
кусок,0.6356615157002434,1811,5
куманёк,0.569366198163542,1811,4
передушить,0.4929684319188016,1823,2
закон,0.7405946744578654,1832,6
украсть,0.42487405508557313,1823,2
обмануть,1.1482062613695272,1819,5
звериный,0.7195935331970357,1816,3
львёнок,1.5652049398254857,1811,5
сынок,1.57051961599928,1811,5
попросить,0.4627595919830365,1818,2
нанять,0.8238556352214887,1816,4
царевич,0.9979291093615538,1811,2
мука,0.5833333343378281,1823,4
крот,1.3748024779086934,1815,10
чистить,0.5457472437305484,1812,3
кротов,1.0034480320421262,1811,2
зоркий,0.5026837797056204,1811,3
норка,0.945346374108204,1814,3
барс,1.3019441093633497,1815,9
отважный,0.9703344959586916,1811,2
гражданский,0.5133013049524895,1827,2
понимать,1.0123532881282395,1823,4
царствовать,0.6519336106521076,1811,5
урок,1.0066127899738702,1816,5
подать,0.5051232520972765,1811,3
воин,0.5786569682750577,1830,2
горазд,0.5073259300201403,1816,2
короче,0.9926619740380325,1813,3
платон,0.47612119426231725,1823,2
вскоре,0.5862676066433503,1811,4
вести,0.8805223464637383,1811,9
приязнь,0.4267828554111846,1823,2
свалить,0.4159939840055543,1811,2
отпустить,0.5103071309295455,1811,3
наследник,0.8125645365679265,1823,3
гроб,0.48251152578719064,1816,2
вступать,0.8274649411525945,1813,2
чаять,0.5951877944521379,1811,4
яйцо,0.959961743559453,1816,5
птичий,0.9892980122370495,1811,2
вить,0.7789150198272579,1814,2
гнезда,0.49562415411095667,1816,2
ахнуть,0.6411494311092091,1815,2
повесить,0.789351109465525,1823,6
владеть,0.5199406104328774,1828,2
выгода,0.9064311807099579,1812,2
хворостина,0.7900358565069077,1814,2
гусь,1.8350273139409292,1811,7
гнать,0.5216913354239403,1811,3
вежливый,0.5221995588388687,1811,3
честить,0.5689884796692429,1830,2
барыш,0.9332185059692095,1816,7
коснуться,0.42703182936669926,1811,2
доставаться,0.8726537140784845,1813,2
винить,0.42752977727772834,1811,2
иначе,0.8991694403407837,1812,2
встретясти,0.4278617425517477,1811,2
несчастный,0.6059272310903495,1811,4
гонять,1.173476060176772,1817,8
почтение,0.6684323760942494,1819,3
спасение,1.094018663755241,1832,3
праздник,0.5268752142562094,1811,3
предок,1.2025074220619436,1811,3
спасти,0.7985530597627355,1815,5
годный,0.649735916611797,1816,4
жаркое,0.8837745507581343,1812,2
баснь,0.43304869995830075,1811,2
пояснить,0.6882629119833045,1823,4
раздразнить,0.7948908486394413,1814,2
свинья,0.8793648324747513,1811,6
барский,1.0935152600989855,1823,4
когда-то,0.8470675235022855,1816,5
конюшня,0.5619342175963309,1816,2
кухня,0.7406821414258636,1815,5
навоз,0.9776377319871181,1811,2
досыта,0.8310316363803676,1816,5
хавронья,1.1960529846923538,1811,3
жемчуг,1.2952718808256094,1813,5
богатей,0.8241037927531479,1813,2
приметить,0.6926794613178643,1819,5
изрыть,0.5487800936133123,1830,2
задний,0.8499697799066523,1823,3
сравнение,0.7618603038745114,1814,2
критика,0.5904832311619989,1816,2
зримый,0.8171740176579931,1813,2
оттоль,0.972824235513837,1811,2
цвель,0.4396880054386886,1811,2
весенний,0.6867792413731627,1819,3
сердитый,0.538920109190011,1811,3
рассудить,0.5396824443124035,1811,3
снабдить,0.9658529647594298,1811,2
хвастун,0.8730271750117564,1813,2
поглядеть,0.6116468798662564,1816,3
паук,1.9915845838711868,1811,17
ветка,0.9948023984765493,1816,5
веточка,0.443049153838135,1811,2
заткать,0.9351046812533832,1811,2
решиться,0.629049296857865,1811,4
очутиться,0.6963169007933177,1816,3
снизу,0.9520764058876249,1811,2
опять,1.5808975589284817,1815,15
низ,0.5473566178778215,1811,3
похожий,0.7900889458563224,1815,5
вверх,0.633274648977817,1811,4
квартет,1.35692488496572,1811,4
достать,1.230734557765452,1811,15
нота,0.9592136592790417,1811,2
бас,0.9632802338857793,1811,2
альт,0.9631142512487697,1811,2
липка,0.7428552919369011,1814,2
погодить,0.676545228451527,1833,2
всё-таки,0.7147255254461964,1811,5
послушаться,0.6403169025110704,1811,4
решить,0.7184654827536814,1811,5
сомнение,0.8643631857172508,1813,5
привесть,0.8023600673048776,1814,2
музыкант,0.9578443025237117,1811,2
нежный,1.184949701583414,1819,5
бросать,0.9630494897282079,1830,3
лист,1.0764084525577908,1814,4
зефира,1.1684056309202522,1811,3
краса,1.0235257511190197,1816,6
пышно,0.6477699541670972,1811,4
раскидистый,0.6545940247069945,1832,2
плясать,0.5629082543746287,1811,3
зареять,0.7101405776793686,1816,3
расставаться,0.5765821853124367,1816,2
дерзко,0.5523902159682732,1830,2
считаться,0.6007741546566001,1830,2
питать,0.7311944602563493,1811,5
ужель,0.4625106180275221,1811,2
помнить,0.9404483522744351,1823,5
подагра,1.7443473383662547,1811,7
родить,0.5840164668746524,1811,3
почему,0.7524061045820213,1828,4
вырасти,0.49396432774085974,1816,2
ребёночек,0.609004118108629,1816,3
бремя,0.7121899997493594,1814,2
родитель,0.49437928433338396,1816,2
оба,0.8106266447415944,1811,6
равно,0.7108012681187753,1816,3
довольство,0.8133579634594681,1811,6
палата,0.576274530187244,1811,3
деревня,1.420127224149635,1828,8
подале,0.6177458792908417,1830,2
убраться,1.3573814174442977,1823,5
щётка,1.1454339325654912,1811,3
печка,0.6373121623201375,1816,3
метла,0.5804927845311492,1811,3
основа,0.47429538525521053,1811,2
натянуть,0.5413938662663808,1830,2
изорвать,0.5088612694124801,1827,2
царица,0.7750559235167824,1814,2
рубить,0.6820358228338315,1816,3
примета,0.9299177238468301,1811,2
мучить,0.6750000011623438,1811,4
вползти,0.6767018790995467,1811,4
разобраться,0.6722711755485272,1815,2
прибыть,0.5876587346816388,1811,3
пуховик,0.7602004775044144,1814,2
довольный,0.9842570548155535,1816,6
неопрятный,0.4818475952391518,1811,2
умно,0.9293782802765487,1811,2
кот,1.3060948333158078,1813,10
повар,1.0328843497267992,1815,5
назначить,0.9476525837914734,1815,4
заседать,0.9247307664402771,1811,2
длинный,0.7502934285220453,1816,4
спрашивать,0.6973333476231744,1816,3
борода,0.8287513065894195,1813,2
нужно,0.748796949646229,1812,4
суждение,0.7991234058831885,1814,2
лишиться,0.7694470060504495,1811,5
из-за,0.520397062684654,1816,2
настать,0.7716122444916249,1811,5
заседание,0.6628101652389745,1832,2
ан,0.926452998985287,1814,7
крыса,0.922785255657331,1816,5
примести,1.0058098608869248,1814,4
толкать,0.5989412944930479,1811,3
мышонок,0.48906783994907366,1811,2
выслать,1.0288474811809303,1813,3
губить,0.7051357376764473,1814,2
заслужить,0.49242898834852,1811,2
глупеть,0.4958731280664712,1816,2
суета,0.7577522336085215,1814,2
цель,0.6057006659115949,1811,3
возить,0.700058686651504,1811,4
смоленский,0.9136514254198799,1812,2
противу,0.6066662903999587,1812,3
погибель,0.9070121199394918,1812,2
рой,0.7715702881395788,1814,2
воз,1.4079944040116597,1812,16
порог,0.6123514435880264,1815,2
смело,0.7052230059092233,1812,4
мудрено,0.4994002591029273,1812,2
ужиться,1.0407907314317462,1813,3
удаться,0.6729766017558184,1833,2
поживиться,1.1371597230517823,1816,7
косточка,0.6121551032811847,1812,3
морить,0.7053632775790422,1816,3
суп,0.9121575816867925,1812,2
честной,0.7313673721514267,1813,4
торгаш,0.5117244699008974,1816,2
спасать,0.6182853228611231,1830,2
счёты,1.03835125904009,1813,3
додать,0.9091283985613656,1812,2
проказник,0.7477152288230705,1823,3
сгореть,0.5068279821091113,1812,2
дружный,0.6584946166767223,1815,2
овчарня,0.7185446021762943,1812,4
псарня,0.9046883630213561,1812,2
серый,0.622776972653187,1812,3
близко,1.3923641840726022,1816,8
ахти,0.6235393077755795,1812,3
ребята,0.5784909856380481,1830,2
ворота,1.1673390955951868,1830,5
запор,0.6194886969794434,1830,2
минута,1.0190571182834394,1812,8
ружьё,1.3860562885693,1816,8
щёлкать,0.9698596834882475,1830,3
ссора,0.6716072450004884,1815,2
впредь,0.9803799081772642,1830,3
трон,0.8396646649728071,1813,2
грызться,0.6522287721296063,1815,2
волчий,0.6292314100227769,1812,3
утверждать,0.8346851858625162,1813,2
натура,0.6304003238771121,1812,3
потому,0.8499970841266608,1813,2
гончий,0.6187417751128998,1830,2
горшок,1.5156141741610492,1823,10
легонько,0.5236337241063431,1816,2
ругать,0.7664319262024177,1816,4
рак,0.9373164441523363,1814,3
зацепить,0.5180733057665182,1812,2
толчок,0.7330985928116848,1812,4
влево,0.610152173647648,1830,2
таскать,1.8724282313238982,1823,8
махнуть,0.5417258315404001,1830,2
бойся,0.8057627113635765,1813,2
хребет,0.6082848689812889,1830,2
телега,0.7764298517665217,1823,3
взад,0.6390909442723868,1812,3
кидать,0.8009907105495475,1814,2
четыре,0.6394975230043295,1812,3
рытвина,0.5223888543287704,1812,2
леветь,0.6400057464192578,1812,3
бух,0.6105671302401722,1830,2
хозяйский,0.6404631474926933,1812,3
поварня,0.8856833510837457,1812,2
правило,0.829286322970208,1812,5
пирог,0.8725292271007271,1813,2
мурлыкать,0.5259159853652264,1812,2
ворчать,0.7438967148960067,1812,4
курчонок,0.887177194816833,1812,2
обжора,0.5262479506392459,1812,2
васька,1.3829853394426925,1813,8
убирать,0.7454225364948783,1812,4
быв,0.5271608551427992,1812,2
пускать,0.5285717075573817,1812,2
по-пустому,0.7144096543647666,1816,3
оглядка,0.6974349923061601,1816,3
сурок,0.753136278582306,1815,3
взятка,0.7704158746898696,1815,3
утратить,0.942161507374653,1828,3
клевета,0.7544014097497765,1813,4
подумать,0.924192001958452,1813,6
разве,0.819659625824592,1830,4
видывать,0.8790855412626104,1813,2
рыльце,0.8763468277519503,1813,2
пух,0.8132734256882652,1813,2
доживать,0.812858469095741,1813,2
купить,0.9297265162025645,1813,6
приход,0.8649115483055455,1823,3
расход,0.5370783177041287,1813,2
заяц,1.0695561767166901,1813,3
ушко,0.6599281042844486,1813,3
медвежий,0.8731516619895137,1813,2
сердечный,0.819278170424874,1816,4
клочок,0.9678110345304114,1819,4
доля,0.9087833804043962,1816,5
печь,1.2776808339188195,1832,8
завсегда,0.6647562267262679,1813,3
упрямый,0.854035567226079,1823,3
погубить,0.8588123017135101,1813,5
разумный,0.7432259219912034,1816,3
зубастый,0.6821886381098566,1815,2
щука,1.3694363652101025,1830,12
рыбный,0.562141695892593,1830,2
полно,1.25787230775076,1814,5
говориться,0.695218275115118,1833,2
наесться,1.249250721957716,1823,5
замертво,0.6387426828725683,1815,2
пруд,0.8676700953365006,1813,5
кукушка,1.6749359210597472,1830,12
миновать,0.550605902620419,1813,2
лада,0.6753780960982702,1813,3
прямёхонький,0.5598179389744572,1816,2
молоко,0.7816952289971703,1814,2
поступать,0.5530126508570596,1813,2
кусать,0.8557465860563378,1814,3
мило,0.7817782203156751,1814,2
простить,0.7838615036972201,1813,4
зажить,0.7829859338190971,1823,3
кинуть,1.1269564783563981,1815,6
змея,2.161660991430348,1813,30
проситься,0.696875946549739,1816,3
сладкий,0.7901995318771482,1813,4
нажить,0.7902582173232586,1813,4
древность,0.964828271680457,1830,3
сроду,0.6870164123001291,1813,3
ложный,0.6894050623502924,1813,3
пожалуйста,0.5653783573142821,1813,2
тарелочка,0.8441047005128166,1813,2
сварить,0.6468343364267911,1815,2
тарелка,0.8451420919941273,1813,2
янтарь,0.5672456619806411,1813,2
потешить,0.6586605993137321,1815,2
потроха,0.5676191229139129,1813,2
демьян,0.8035211281442194,1813,4
вскричать,0.9867248252360886,1813,6
писатель,0.5714782192243885,1813,2
вовремя,0.5718931758169127,1813,2
стих,0.5939688665392024,1830,2
впасть,0.7017040689915581,1813,3
страшный,1.4071810886756844,1819,7
учение,0.9936968756475032,1813,6
учёный,0.8117957760457922,1813,4
толком,0.5895703266584456,1830,2
согласно,0.705414099920535,1813,3
убираться,0.5764991939939318,1813,2
по-прежнему,0.7061764350429275,1813,3
оставаться,0.7063797244088988,1813,3
подавать,0.70693877016532,1813,3
бред,0.5800263250303879,1813,2
пасть,0.7112078468507181,1813,3
созвать,0.7183737970012077,1816,3
отвсюду,0.6148411831431719,1830,2
казна,0.8047253198822658,1813,2
впадать,0.7359670125009987,1814,2
занятый,0.7165441927074656,1813,3
пред,1.0949917598503498,1813,7
взор,0.880545776164179,1819,4
приветливость,0.5860431956219895,1813,2
улыбка,0.6287837246519865,1830,2
уста,0.586292169577504,1813,2
глубокий,0.7183229746597148,1813,3
видный,0.8295187807711467,1813,4
дума,0.5865826391922709,1813,2
несчётный,0.8192488006206142,1813,2
близ,0.9307900765610706,1813,5
провести,0.7212706704662992,1813,3
долгий,0.8329225366455525,1813,4
дань,1.0644400610064115,1830,3
задумать,0.9331521548605347,1813,5
рыба,0.8622179642064254,1823,3
нырять,0.8212405922647308,1813,2
успех,1.0235976279273846,1813,6
ленивый,0.6477887365895968,1832,2
мочить,0.5916451096210668,1813,2
волна,0.7251839907612473,1813,3
леность,0.5922260488506006,1813,2
глубина,0.8384389685799344,1813,4
морской,0.7281825089093246,1813,3
коралл,0.7385812390339015,1814,2
пучина,0.8167175654062164,1813,2
многий,0.5971225366423867,1813,2
дерзкий,0.6903217873233318,1833,2
той,0.5978279628496779,1813,2
влечь,0.5981184324644448,1813,2
ветхий,0.8076300160299357,1813,2
жребий,0.7616943212375017,1814,2
живучий,0.7023555285065348,1834,2
золото,1.121233054151925,1813,7
торговать,0.6008156503158525,1813,2
отправить,0.6017700504786582,1813,2
вовсе,0.8536971845686503,1813,4
нищий,0.955263832274963,1813,5
фортуна,1.4171073196062904,1813,11
предстать,0.7400749368186478,1813,3
велено,0.7425652315517967,1813,3
условие,0.7426668762347823,1813,3
кошель,0.804849806860023,1813,2
крёз,0.6085753385960558,1813,2
эй,0.6089073038700753,1813,2
обратиться,0.609571234418114,1813,2
прах,0.6909857178713706,1833,2
жениться,0.7972561012168294,1814,2
выдумать,0.7490196689213865,1814,3
наказание,0.6905707612788464,1833,2
покуситься,0.7087873556906606,1814,2
казнь,0.8663145554823961,1814,4
боязнь,0.6133058437508322,1814,2
сутки,0.8676056352968259,1814,4
преступник,0.7995798581349651,1814,2
удавиться,0.7546609488270911,1814,3
вечерня,0.6171234444020552,1814,2
вели,0.6173309226983174,1814,2
десяток,0.6538885984997033,1832,2
топор,1.2424894169003982,1814,8
свобода,0.6226423670826277,1814,2
помеха,0.6232233063121616,1814,2
покрыться,0.6238042455416956,1814,2
сломить,0.6256715502080548,1814,2
лань,0.7826081335007236,1814,2
млеко,0.9597799190921689,1814,3
долг,0.7710257427877837,1814,3
мать,1.1779080388860967,1814,7
поступок,0.7717880779101761,1814,3
пролить,0.7732619258134683,1814,3
помышлять,0.7740242609358607,1814,3
чувство,0.7743291949848178,1814,3
истинный,0.6330162818957338,1814,2
творить,0.7198666967110581,1814,2
презирать,0.7479592580249492,1814,2
орлица,0.947480912450903,1814,3
высокий,1.0040801171305558,1814,5
гнездо,1.1000026752194858,1814,6
вершина,0.6352155518361123,1814,2
вывести,0.7783441599627517,1814,3
свалиться,0.7737695580799573,1814,2
кстати,0.6371658478209762,1814,2
новоселье,0.638908665509578,1814,2
горесть,0.6407759701759371,1814,2
ничтожный,0.7860691558696624,1814,3
нора,0.6942223792930599,1814,2
запустить,0.6433901967088399,1814,2
завидный,1.018646266643918,1814,5
лебедь,0.7654704262294723,1814,2
ход,0.9169600954757104,1814,4
таки,0.6505689457595093,1814,2
плот,0.759661033934133,1814,2
челнок,0.7591215903638515,1814,2
бросить,1.3832881053773964,1814,9
приятный,1.130406565157923,1814,6
забросить,0.6557559031660624,1814,2
заменить,0.7222734449476986,1814,2
философствовать,0.7574617639937545,1814,2
устав,0.6579551731064408,1814,2
обилие,0.6581626514027029,1814,2
веко,0.7145967479860001,1814,2
заволочь,0.6602374343653241,1814,2
лень,0.9350938983238382,1814,4
здание,0.7483327189582211,1814,2
алмаз,1.2392412415436247,1814,7
мелькать,0.9691481707073478,1830,3
стекло,0.6637230697425278,1814,2
солнечный,0.6642210176535569,1814,2
попадать,0.721028575170126,1814,2
безделка,0.6648434525423432,1814,2
легко,1.2277756815565113,1817,6
пожирать,0.6665447745716927,1814,2
наводить,0.9001822533015722,1823,3
досадный,0.6677896443492654,1814,2
отыскаться,0.6699889142896439,1814,2
венец,0.8208824597922537,1814,3
подойник,0.7410709785890469,1814,2
корова,0.7414859351815711,1814,2
тихонько,0.6708603231339448,1814,2
брести,0.821695617256139,1814,3
разбойник,1.4639558923653564,1833,7
ободрать,0.822305485354053,1814,3
менее,0.6758812979034882,1814,2
головка,0.8278959429182648,1814,3
разорение,0.6773751416365754,1814,2
речка,0.7360500038195036,1814,2
управа,0.7316099682794941,1814,2
мельница,0.8312502174567918,1814,3
отходить,0.6820641511320994,1814,2
стрелка,0.8364340962890608,1814,3
убить,1.183164142497906,1814,6
птенец,0.7252196367546208,1814,2
смысл,0.6841804297539731,1814,2
малютка,1.0203638515223155,1814,4
писк,0.6845953863464973,1814,2
сидя,1.1877642582332724,1814,6
снести,0.9704812223284367,1814,4
гнёздышко,0.7228958798364851,1814,2
ощипать,0.8818353880226592,1823,3
перие,0.6875415781534194,1814,2
нива,1.0074530533780173,1814,4
сирота,0.6887864479309922,1814,2
поделиться,0.9741784054333948,1814,4
горлинка,0.6889109349087494,1814,2
слететь,0.689657856775293,1814,2
ласточка,1.200040757385546,1819,5
крошка,0.6905292656195939,1814,2
прельщать,0.691027213530623,1814,2
потеря,0.6921061006711862,1814,2
поучение,0.6936829357227782,1814,2
читатель,1.3231002551590985,1816,7
убыток,0.9832746495805138,1814,4
издеваться,0.6964216492334383,1814,2
дождик,0.9873239453621345,1814,4
лёжа,1.1042059917133975,1814,5
расспросить,0.6994508323588652,1814,2
смирнёхонький,0.8571696116181372,1814,3
поносить,0.7004467281809234,1814,2
справедливость,0.8580335914235153,1814,3
червяк,2.2089120733617493,1819,12
служить,1.58587534701363,1823,9
прок,1.3141609131442762,1814,7
проснувшися,0.7041813375136415,1814,2
хватить,0.8629125362068274,1814,3
поймать,0.998708921907561,1814,4
даваться,0.707252016298321,1814,2
гнаться,0.950140614989028,1830,3
гоняться,0.7099077384904761,1814,2
бес,1.0042253538419428,1814,4
тож,0.8701801310403027,1814,3
случай,1.667596257031703,1816,11
клеветник,1.124546110403228,1814,5
первенство,0.8713490448946378,1814,3
выставлять,0.7129369216159032,1814,2
язык,0.8732294715298726,1814,3
шипеть,0.713310382549175,1814,2
язвить,0.7159246090820777,1814,2
издалёка,0.7160490960598349,1814,2
жара,0.8808020004123049,1814,3
дача,0.8809036450952906,1814,3
молиться,1.0180751191240078,1814,4
белок,1.5456259352543715,1830,5
уступать,0.7258835673026595,1815,2
телёнок,0.7291202287243486,1815,2
скотина,1.033744133235497,1815,4
дикий,1.068691316394267,1823,4
геркулес,0.7314854813017369,1815,2
рогов,0.7320664205312708,1815,2
число,1.0355046966188104,1815,4
глупость,0.7331868033310862,1815,2
пословица,0.7332697946495911,1815,2
очки,1.039671363292652,1815,4
полдюжины,0.7352615862937074,1815,2
старина,0.905908237109765,1815,3
дебри,0.7401165784262411,1815,2
слепой,0.90743290735455,1815,3
прекратить,0.7421083700703575,1815,2
раздор,0.7422328570481147,1815,2
водиться,1.0498826309158695,1815,4
вечный,0.9093133339897848,1815,3
определить,0.7436022138034447,1815,2
зверёк,0.7436852051219496,1815,2
вряд,0.9127692532112974,1815,3
устроить,0.7458014837438232,1815,2
нарядить,0.7463409273141047,1815,2
общество,0.7487891712099979,1815,2
втереться,0.7492456234617745,1815,2
ужть,0.9176990203361023,1815,3
завестись,0.9200368480447726,1815,3
полкан,0.9203926044352226,1815,3
барбос,1.609301840279911,1823,8
пустилися,0.7529387371352402,1815,2
спить,0.9240009906812138,1815,3
господин,1.4185049946274633,1815,7
орест,0.7606154340969388,1815,2
кость,1.7854968254242716,1815,11
взапуски,0.7614868429412396,1815,2
бочка,1.4296070806781296,1815,7
отказать,0.7652629479332104,1815,2
хоронить,0.9382820686407001,1815,3
винный,0.7669642699625597,1815,2
пиво,0.7672962352365791,1815,2
батрак,0.9459054198646252,1815,3
ворочать,0.9473284454264245,1815,3
выдать,0.7741430190132291,1815,2
взмолиться,0.7743504973094912,1815,2
железный,0.7752634018130445,1815,2
степан,0.9506318976234588,1815,3
сдуру,0.7765912629091222,1815,2
колет,0.776674254227627,1815,2
тришка,1.2284119422935544,1815,5
локоть,0.7769647238423939,1815,2
продраться,0.7770477151608988,1815,2
четверть,0.777462671753423,1815,2
обрезать,0.7775041674126755,1815,2
рукав,0.9523090348927222,1815,3
голый,0.9528172583076506,1815,3
поправить,0.7789565154865102,1815,2
наставить,0.9542911062109427,1815,3
образ,0.7803258722418402,1815,2
поправлять,0.7806993331751121,1815,2
тихохонький,0.7811972810861412,1815,2
рожа,0.7817367246564226,1815,2
пять-шесть,0.7829400987747431,1815,2
узнавать,0.7843924468485779,1815,2
вчера,0.9611521223124754,1815,3
щедрость,0.7864257341519467,1815,2
доступ,0.9665392905107157,1815,3
свободный,0.7892474389811115,1815,2
чересчур,0.9666917575351942,1815,3
построить,0.9674540926575868,1815,3
старание,0.7919446568325192,1815,2
строение,0.7921521351287814,1815,2
приют,0.7930650396323347,1815,2
повеление,0.9721805704164204,1815,3
переведать,0.9724346821238845,1815,3
крепки,0.7943929007284122,1815,2
забор,1.1238262930150307,1815,4
мена,0.7949323442986937,1815,2
гонец,0.7968826402835576,1815,2
приплестись,0.7982105013796351,1815,2
опоздать,0.7986254579721594,1815,2
застать,0.7988329362684216,1815,2
сбиться,0.7995798581349651,1815,2
натощак,0.9794481652498956,1815,3
подле,0.7999533190682371,1815,2
впереди,0.8023185716456253,1815,2
стоя,0.8028995108751592,1815,2
мясной,0.804642328563761,1816,2
оставлять,0.8065511288893725,1816,2
кража,0.9882912526696487,1816,3
испытать,0.9887486537430842,1816,3
запас,1.1436619738003613,1816,4
рыцарь,0.9941866442828174,1816,3
скворец,1.1510563400102773,1816,4
щеглёнок,1.2871358333496774,1816,5
скворушка,1.152171363486376,1816,4
козлёнок,0.8167175654062164,1816,2
котёнок,2.109319461816381,1823,9
отворить,0.8180039308430417,1816,2
фарфоровый,0.8182114091393038,1816,2
поддельный,1.0023182189216708,1816,3
стебелёк,0.8186678613910805,1816,2
всячески,1.0038937115079487,1816,3
воздух,1.0063840062410976,1816,3
пушистый,1.163791081816244,1816,4
злиться,0.8238133231383811,1816,2
староста,1.010805549950974,1816,3
словцо,0.8255976364862352,1816,2
исполнить,1.1702464808883932,1816,4
сходка,0.8277554107673614,1816,2
овца-то,0.829083271863439,1816,2
старуха,1.0214782416644692,1816,3
пряжа,0.8343117249292443,1816,2
проклятый,1.023053734250747,1816,3
перерывать,0.8368429601436423,1816,2
морщиться,0.8371334297584093,1816,2
зевать,1.1839788752782374,1816,4
жаться,0.8372164210769142,1816,2
будить,0.8382123168989724,1816,2
оборот,0.8403285955208459,1816,2
рано,0.8416564566169235,1816,2
поздно,1.0315918876215433,1816,3
выбраться,0.842776839416739,1816,2
улей,0.8440217091943116,1816,2
берлога,1.1966549316380937,1816,4
отставка,1.0367249441123194,1816,3
погода,1.0389103047965114,1816,3
приключение,0.8486277273713309,1816,2
колдун,0.848835205667593,1816,2
нежели,0.8494161448971269,1816,2
седло,0.8494991362156317,1816,2
храм,0.8510344756079714,1816,2
овёс,1.9692727180940433,1830,7
ездить,0.8542711370296606,1816,2
обтёсывать,1.0486681943631353,1816,3
тычина,1.048719016704628,1816,3
срубить,0.8572588244958351,1816,2
огорчиться,0.8600805293249999,1816,2
блюдо,0.8617403556950969,1816,2
потачка,0.8624872775616407,1816,2
сокол,1.057053880709453,1816,3
клясться,0.8639396256354754,1816,2
забота,0.86418859959099,1816,2
помогать,1.366659136098304,1816,5
отправиться,1.0593917084181235,1816,3
шасть,0.8661388955758539,1816,2
схватиться,0.8673422696941742,1816,2
доколе,0.8686286351309993,1816,2
ласка,0.8702469658418438,1816,2
хмель,1.0684380852038478,1816,3
тычинка,1.0687938415942977,1816,3
виться,1.0688446639357905,1816,3
дубок,1.0700135777901256,1816,3
пустить,0.876222340774193,1816,2
догадка,1.0769762385746438,1816,3
приём,1.0777385736970364,1816,3
ухватка,0.8800814370846686,1816,2
рог,1.081194492918549,1816,3
добиться,0.8834425854841149,1816,2
величать,0.8844384813061731,1816,2
класть,0.8847289509209401,1816,2
брамин,1.25416666882633,1816,4
начальник,0.8886710385499205,1816,2
смекать,0.8896254387127261,1816,2
свечка,1.2588615045151659,1816,4
улика,1.0929852761448866,1816,3
погостить,0.8968456834226479,1816,2
заглянуть,0.8973436313336771,1816,2
забрести,0.9008707623701331,1816,2
продать,0.9027380670364922,1816,2
наклад,1.106300729616009,1816,3
получить,0.9054767805471522,1816,2
благодаря,0.9073440852135114,1816,2
барашек,0.9103732683389383,1816,2
сука,1.1164651979145759,1816,3
грустный,0.9118671120720255,1816,2
ласково,1.117024243670997,1816,3
плата,1.1200735841605671,1816,3
сердечно,0.9160581736565205,1816,2
нелюбовь,0.9162656519527826,1816,2
мера,0.9214111137000831,1816,2
мила,1.128662559872856,1816,3
смешной,1.1290691386047986,1816,3
ослёнок,1.458517736633021,1816,5
апеллеса,1.1298314737271913,1816,3
душить,0.9230709400701801,1816,2
скучный,0.9234029053441994,1816,2
мидас,0.9247722620995296,1816,2
охнуть,0.9276354625879468,1816,2
шея,1.313556340290101,1816,4
вытащить,0.9292537932987913,1816,2
неблагодарный,0.9299177238468301,1816,2
попадаться,0.9310381066466455,1816,2
плакальщица,0.9315775502169271,1816,2
выть,0.9317435328539367,1816,2
вой,1.1416730792950214,1816,3
покойник,1.3183685468711575,1816,4
возможность,0.9338598114758105,1816,2
ключ,1.1474668262252046,1816,3
приметный,0.9373039511937618,1816,2
почтенный,0.9437357783778875,1817,2
дуга,1.1628151733560406,1818,3
орешник,0.9507070491322949,1818,2
спустя,0.9537362322577217,1819,2
дитя,1.3507629131241234,1819,4
расчёсывать,0.9551885803315566,1819,2
гребешок,1.1700827681895156,1819,3
золотой,1.3521126783846635,1819,4
гладкий,0.9572218676349253,1819,2
гребень,1.65834172259958,1819,6
мальчик,1.6586292298330405,1819,6
мальчишка,1.662079316634565,1819,6
скупой,1.8015657818581512,1819,7
сундук,0.9649815559151287,1819,2
побояться,0.967263817174012,1819,2
зарезать,0.9673883041517694,1819,2
вынуть,1.18522782595438,1819,3
мостовая,1.1866000291746865,1819,3
столб,0.9691311218403712,1819,2
алкид,0.9716623570547691,1819,2
славный,1.1902592377621706,1819,3
чудесный,1.190462527128142,1819,3
стремнина,0.9722847919435554,1819,2
ёж,0.9726997485360797,1819,2
раздавить,0.9730732094693515,1819,2
пятый,0.9731976964471087,1819,2
палица,0.9738616269951476,1819,2
недвижимый,0.9752724794097299,1819,2
напрасный,1.379694838056573,1819,4
зарядить,1.385739439005949,1819,4
знакомый,0.9805424281347879,1819,2
утка,0.9821607588456325,1819,2
заряд,0.9826587067566616,1819,2
чуткий,0.9836546025787197,1819,2
плыть,0.9902939080591077,1819,2
страшно,1.4008215986563333,1819,4
опасно,0.9905843776738746,1819,2
парус,1.7190057488597241,1819,6
дубина,1.2198378405110002,1819,3
малое,1.2227855363175846,1819,3
пышность,1.2233445820740056,1819,3
прельститься,1.2257332321241687,1819,3
накупить,1.0009997881462331,1819,2
пас,1.0032405537458642,1819,2
плавно,1.0058962759380192,1819,2
пристань,1.005979267256524,1819,2
провесть,1.006850676100825,1819,2
копейка,1.0074731109896113,1819,2
найтись,1.0085519981301743,1819,2
уцелеть,1.0110002420260673,1819,2
отказаться,1.0131580163071936,1819,2
послаться,1.0158967298178534,1819,2
мёртвый,1.0165606603658923,1819,2
предатель,1.0187184346470184,1819,2
обещать,1.2492131538938582,1819,3
глодать,1.0203782610171153,1819,2
яблоко,2.1721664043837507,1819,9
яблоня,1.0247768008978724,1819,2
награда,1.2597333785828746,1819,3
рассуждение,1.0301712366006874,1819,2
злословие,1.0329514457706,1819,2
ужели,1.0333664023631242,1819,2
рассказ,1.0360636202145317,1819,2
опомниться,1.0376819509253763,1819,2
побывать,1.038345881473415,1819,2
зачахнуть,1.039300281636221,1819,2
мороз,1.2782835332277591,1819,3
вымолвить,1.0462300567313756,1819,2
божиться,1.048304839693997,1819,2
запрос,1.0522884229822296,1821,2
ответчик,1.052329918641482,1821,2
истец,1.288956224941254,1821,3
поутру,1.489436622283106,1821,4
мельник,1.673532475170356,1823,5
плотина,1.0584712762108408,1823,2
осматривать,1.062496355158326,1823,2
вдосталь,1.0636167379581414,1823,2
купец,2.133811651241973,1823,8
развозиться,1.0677248082241315,1823,2
блестящий,1.067766303883384,1823,2
покажаться,1.070712495690306,1823,2
мужичок,1.0711274522828302,1823,2
привезти,1.0715424088753545,1823,2
жёлудь,1.314113283980207,1823,3
продрать,1.073368217882461,1823,2
пожалеть,1.0752770182080729,1823,2
покупщик,1.0788041492445288,1823,2
лавка,2.158130248379703,1823,8
лавочка,1.080090514681354,1823,2
греть,1.083991106651082,1823,2
хилый,1.717034083852154,1823,5
пещера,1.086148880932208,1823,2
колода,1.3303764332579138,1823,3
лягнуть,1.088306655213334,1823,2
копыто,1.0884311421910913,1823,2
качаться,1.0900494729019359,1823,2
захирелый,1.091252847020256,1823,2
райский,1.0915018209757705,1823,2
резвиться,1.0983071090931682,1823,2
скакать,1.0983901004116732,1823,2
сотворить,1.101211805240838,1823,2
котёл,2.3381116776375146,1823,9
очаг,1.104240988366265,1823,2
коза,1.7539743639243297,1823,5
подчас,1.111668711372449,1823,2
убавить,1.1135775116980604,1823,2
покамест,1.1137849899943226,1823,2
клетка,1.9365768477808811,1823,6
подружка,1.1197603649266716,1823,2
сбыть,1.3738295352342869,1823,3
голик,1.1256112528812634,1823,2
пьяный,1.3796741045059628,1823,3
рожь,1.380538084311341,1823,3
домовой,1.596948359557442,1823,4
скряга,1.1325825236356708,1823,2
сторож,1.1373545244496996,1823,2
пирушка,1.1406326815306411,1823,2
дупло,1.141504090374942,1823,2
фаддей,1.1431224210857864,1823,2
игрушка,1.4018834677383312,1823,3
рождество,1.1447822474558838,1823,2
див,1.4047295188619298,1823,3
впотьмах,1.1483923698108445,1823,2
пост,1.1525419357360869,1823,2
понравиться,1.1562350494095528,1823,2
усердно,1.1582683367129214,1823,2
жуж,1.4189597744799234,1823,3
жужуткий,1.1599281630830185,1823,2
голодать,1.160675084949562,1823,2
насмешка,1.1652396074673288,1823,2
лапка,1.6482394394579716,1823,4
звонок,1.8462266441756243,1823,5
начало,1.1731652783845419,1823,2
жалоба,1.1744101481621145,1823,2
всесильный,1.1765679224432406,1823,2
продлиться,1.1787256967243667,1823,2
отчий,1.1790991576576384,1823,2
оне,1.445031635665747,1823,3
цепь,1.1842446194049392,1823,2
пава,1.8811329123788167,1823,5
перо,1.1922947772999095,1823,2
матрёна,1.462158764748832,1823,3
пёстрый,1.691255871456928,1823,4
могучий,1.2056978752384424,1823,2
больной,1.4782694470020605,1823,3
пушка,1.4839107269077652,1827,3
борт,1.212005215444811,1827,2
равняться,1.2126691459928498,1827,2
бой,1.4872141791047995,1827,3
боря,1.4891962504230198,1827,3
вал,1.4902635195943694,1827,3
рвать,1.2174411468068786,1827,2
носиться,1.218354051310432,1827,2
вскрикнуть,1.222379130257917,1828,2
бриться,1.2232090434429657,1828,2
бритва,1.5003771655514435,1828,3
тупой,1.2256987829981112,1828,2
кошелёк,2.75860636252391,1828,10
шевелиться,1.2371930806110327,1828,2
пожить,1.2413841421955274,1828,2
месяц,1.2417576031287993,1828,2
скудно,1.2422555510398285,1828,2
серный,1.5276687629330952,1830,3
овраг,1.5288376767874303,1830,3
перескочить,1.2508036568458278,1830,2
осень,1.2580239015557497,1830,2
убрать,1.2582313798520117,1830,2
кормить,1.2586048407852835,1830,2
орех,1.994709510611385,1830,5
улетать,1.2618415022069727,1830,2
белочка,1.2619244935254776,1830,2
белка,1.5490649687015783,1830,3
имя,1.7927816932279985,1830,4
надзор,1.268605294665118,1830,2
клинок,1.5680217020784055,1830,3
булат,2.2194839655059138,1830,6
лучина,1.2821743752406607,1830,2
щепать,1.2822573665591654,1830,2
дядя,1.2879837675360002,1830,2
племянник,1.2884817154470292,1830,2
сукно,1.5783386374014505,1830,3
звук,1.5898244865788311,1830,3
бок,1.2982746910306013,1830,2
мирон,2.056714065972319,1830,5
суббота,1.3036691267334164,1830,2
умудриться,1.3044575442592126,1830,2
спускать,1.304706518214727,1830,2
филин,2.785151517203888,1830,9
проводник,1.3131716327022218,1830,2
укрыть,1.3274876351443081,1830,2
трофим,1.3298528877216962,1830,2
лещ,1.6332267662137112,1830,3
жёсткий,1.3369486454538608,1830,2
напротив,1.340973724401346,1830,2
савва,1.3435879509342488,1832,2
кручина,1.3441273945045302,1832,2
распускать,1.3443763684600447,1832,2
дрозд,1.6524376112980024,1832,3
замочить,1.3543353266806266,1832,2
капитан,1.3545428049768886,1832,2
матрос,1.3547917789324033,1832,2
прорубь,1.6650415519882253,1832,3
начисто,1.365041206767752,1832,2
поливать,1.3742947387810427,1833,2
рассада,1.9436619751779538,1833,4
каштановый,1.9540492991395026,1833,4
федя,1.692333149369877,1833,3
каштан,1.381846948764984,1833,2
вскарабкаться,1.385166601505178,1833,2
мышка,1.6968563377627395,1833,3
вверху,1.3855815580977022,1833,2
скорлупка,1.3874903584233138,1833,2
даром,1.3906025328672456,1833,2
извозчик,1.703666531522779,1833,3
пригодиться,1.3970758557106238,1833,2
